id,question,answer
1,What does my auto insurance policy typically NOT cover?,Standard auto policies commonly exclude intentional damage routine wear-and-tear mechanical failure and damage from illegal activities. For example damage caused while driving under the influence is excluded.
2,What is the claim filing deadline for auto accidents?,Most insurers require you to report an accident "promptly" — typically within 30 days for full benefits. Check your policy’s "Claims" section for exact days.
3,Does my homeowners policy cover flood damage?,Standard homeowners policies exclude flood damage. Flood coverage must be purchased separately as a flood endorsement or through a national flood program.
4,What documents do I need to file an auto claim?,Typically: police report (if available) photos proof of ownership driver's license policy number and any repair estimates.
5,Are personal items covered under homeowners policy when I move?,Most policies cover personal property at the insured location; moving coverage is limited and should be checked with your insurer—some items may need endorsement.
6,What is a deductible and how does it work?,A deductible is the amount you pay out-of-pocket before insurer pays; e.g. a $500 deductible means insurer pays only after you pay that $500.
7,Does comprehensive cover damage from hitting an animal?,Yes—comprehensive normally covers collision with animals (e.g. deer). Confirm in your policy; some endorsements may apply.
8,Will my policy pay for rental car after an accident?,Rental reimbursement coverage is optional; check if your policy includes rental reimbursement and daily limits.
9,Can my insurer cancel the policy mid-term?,Insurers can cancel for reasons such as non-payment fraud or significant change in risk; specific reasons and notice periods are defined in the policy.
10,Is roadside assistance included in standard auto policies?,Roadside assistance is often optional. If elected it covers towing jump starts fuel delivery and lock-out services subject to limits.
11,How can I add a driver or vehicle to my policy?,Contact your insurer or agent provide driver details VIN and effective date; endorsement will be issued and premium adjusted.
12,Does my policy cover rental homes if I temporarily move?,Coverage varies: some policies include limited off-premises coverage for temporary relocations but you should purchase specific rental or renters coverage for extended stays.
13,What is liability coverage in auto insurance?,Liability coverage pays for bodily injury and property damage you cause to others in an accident. It does not cover your own injuries or vehicle damage.
14,How do I update my address on my insurance policy?,Contact your insurer or agent via phone email or online portal to update your address; they will confirm the change and any impact on your premium. 
15,What should I do immediately after an auto accident?,Ensure safety call emergency services if needed exchange information with other parties document the scene with photos and notify your insurer promptly.
16,Does my homeowners policy cover damage from earthquakes?,Standard homeowners policies typically exclude earthquake damage; separate earthquake insurance or endorsement is required for coverage.
17,What is uninsured/underinsured motorist coverage?,This coverage protects you if you're involved in an accident with a driver who has no insurance or insufficient coverage to pay for your damages.
18,How often should I review my insurance policy?,It's advisable to review your policy annually or after major life events (e.g. marriage new home new vehicle) to ensure adequate coverage.
19,What factors can affect my auto insurance premium?,Factors include driving record vehicle type location coverage limits deductibles credit score and claims history.
20,Does my homeowners policy cover damage from mold?,Mold damage is often excluded unless caused by a covered peril (e.g. water damage from a burst pipe) Check your policy for specific mold coverage details.
21,What is gap insurance and do I need it?,Gap insurance covers the difference between your car's actual cash value and the amount you owe on your loan/lease if your car is totaled. It's useful for new cars with loans.
22,How do I file a claim for water damage in my home?,Contact your insurer immediately and document the damage thoroughly with photos and notes. Follow your insurer's claims process for water damage.
23,What is the difference between actual cash value and replacement cost?,Actual cash value (ACV) accounts for depreciation while replacement cost covers the full cost to replace an item without depreciation.
24,Does my auto insurance cover rideshare driving?,Standard personal auto policies often exclude coverage for rideshare activities; you may need a specific rideshare endorsement or commercial policy.
25,What is the process for disputing a denied claim?,Review the denial letter gather supporting documentation and contact your insurer to discuss the denial. If unresolved consider filing a formal appeal or contacting your state's insurance department.
26,Does renters insurance cover theft outside my home?,Renters insurance may cover theft of personal property outside your home such as items stolen from your car but coverage limits and exclusions apply. Check your policy for details.
27,What is subrogation in insurance?,Subrogation allows your insurer to pursue a third party that caused an insurance loss to recover the amount of the claim paid to you.
28,Can I insure valuable jewelry under my homeowners policy?,Standard homeowners policies have limits for jewelry; you may need a scheduled personal property endorsement for full coverage of valuable items.
29,Does my auto policy cover rental cars abroad?,Most U.S. auto policies do not cover rental cars outside the country. Consider purchasing insurance from the rental company or a travel insurer.
30,What is a peril in insurance terms?,A peril is a specific risk or cause of loss covered by your policy such as fire theft or windstorm.
31,How do insurance deductibles affect premiums?,Higher deductibles usually result in lower premiums but you pay more out-of-pocket before coverage begins.
32,Are pets covered under homeowners liability?,Homeowners liability may cover injuries caused by pets but some breeds or exotic animals may be excluded. Check your policy for restrictions.
33,What is replacement cost vs. actual cash value?,Replacement cost pays to replace an item with a new one; actual cash value pays the depreciated value of the item.
34,Does travel insurance cover trip cancellation?,Travel insurance can cover trip cancellation for covered reasons such as illness severe weather or family emergency. Review your policy for specifics.
35,Can I change my insurance coverage mid-term?,You can usually change coverage mid-term but it may affect your premium and require underwriting approval.
36,What is coinsurance in health insurance?,Coinsurance is the percentage of costs you pay after meeting your deductible with your insurer paying the remaining percentage.
37,Does my policy cover damage from wildfires?,Homeowners policies often cover wildfire damage but coverage may vary by region and insurer. Review your policy for exclusions.
38,How do I add a beneficiary to my life insurance?,Contact your insurer to submit a beneficiary designation form. You can update beneficiaries at any time.
39,What is a waiting period in insurance?,A waiting period is the time after policy purchase during which certain coverages are not yet active common in health and disability insurance.
40,Are business activities covered under homeowners insurance?,Business activities are generally excluded from homeowners coverage. You may need a separate business policy or endorsement.
41,Does my auto policy cover towing?,Towing is covered only if you have roadside assistance or towing coverage. Check your policy for limits and conditions.
