id,feed
C0001,Fatima shares updates about home safety.
C0002,Ethan shares updates about car maintenance.
C0003,Sophia shares updates about insurance tips.
C0004,Mei shares updates about insurance tips.
C0005,Lucas shares updates about insurance tips.
C0006,Lucas shares updates about car maintenance.
C0007,Carlos shares updates about gadgets.
C0008,Liam shares updates about car maintenance.
C0009,Mason shares updates about car maintenance.
C0010,Lucas shares updates about community events.
C0011,Mei shares updates about home safety.
C0012,Isabella shares updates about home safety.
C0013,Mia shares updates about health & wellness.
C0014,Ava shares updates about home safety.
C0015,Lucas shares updates about travel experiences.
C0016,Noah shares updates about health & wellness.
C0017,Noah shares updates about home safety.
C0018,Sophia shares updates about car maintenance.
C0019,Mei shares updates about health & wellness.
C0020,Priya shares updates about gadgets.
C0021,Sophia shares updates about gadgets.
C0022,Mia shares updates about home safety.
C0023,Carlos shares updates about home safety.
C0024,Fatima shares updates about gadgets.
C0025,Sophia shares updates about home safety.
C0026,Lucas shares updates about community events.
C0027,Sarah shares updates about home safety.
C0028,Ava shares updates about community events.
C0029,Sophia shares updates about home safety.
C0030,Mason shares updates about travel experiences.
C0031,Sophia shares updates about car maintenance.
C0032,Fatima shares updates about community events.
C0033,Noah shares updates about insurance tips.
C0034,Carlos shares updates about insurance tips.
C0035,John shares updates about health & wellness.
C0036,Ava shares updates about health & wellness.
C0037,Olivia shares updates about gadgets.
C0038,Ava shares updates about car maintenance.
C0039,Mason shares updates about car maintenance.
C0040,Sarah shares updates about insurance tips.
C0041,Mia shares updates about insurance tips.
C0042,Mei shares updates about health & wellness.
C0043,John shares updates about home safety.
C0044,Sarah shares updates about home safety.
C0045,Olivia shares updates about car maintenance.
C0046,Sarah shares updates about home safety.
C0047,Alice shares updates about home safety.
C0048,David shares updates about home safety.
C0049,Isabella shares updates about insurance tips.
C0050,Mia shares updates about home safety.
C0051,Ava shares updates about community events.
C0052,Mei shares updates about car maintenance.
C0053,Lucas shares updates about travel experiences.
C0054,Mason shares updates about travel experiences.
C0055,Noah shares updates about travel experiences.
C0056,Ava shares updates about car maintenance.
C0057,Ava shares updates about insurance tips.
C0058,Carlos shares updates about health & wellness.
C0059,John shares updates about gadgets.
C0060,Emma shares updates about home safety.
C0061,Noah shares updates about gadgets.
C0062,Priya shares updates about health & wellness.
C0063,Mei shares updates about health & wellness.
C0064,Ethan shares updates about health & wellness.
C0065,Priya shares updates about car maintenance.
C0066,Carlos shares updates about home safety.
C0067,Olivia shares updates about health & wellness.
C0068,Mia shares updates about travel experiences.
C0069,Mia shares updates about community events.
C0070,Bob shares updates about health & wellness.
C0071,Sarah shares updates about health & wellness.
C0072,Olivia shares updates about gadgets.
C0073,Liam shares updates about home safety.
C0074,Liam shares updates about community events.
C0075,Mei shares updates about car maintenance.
C0076,Ava shares updates about home safety.
C0077,Mei shares updates about car maintenance.
C0078,Mason shares updates about community events.
C0079,Ava shares updates about car maintenance.
C0080,Noah shares updates about gadgets.
C0081,Mei shares updates about car maintenance.
C0082,Ethan shares updates about insurance tips.
C0083,Priya shares updates about car maintenance.
C0084,Carlos shares updates about gadgets.
C0085,Fatima shares updates about car maintenance.
C0086,Priya shares updates about car maintenance.
C0087,Olivia shares updates about community events.
C0088,Alice shares updates about travel experiences.
C0089,Noah shares updates about insurance tips.
C0090,Mason shares updates about gadgets.
C0091,Isabella shares updates about health & wellness.
C0092,Isabella shares updates about gadgets.
C0093,Isabella shares updates about gadgets.
C0094,Mia shares updates about gadgets.
C0095,Mei shares updates about insurance tips.
C0096,Carlos shares updates about car maintenance.
C0097,Ava shares updates about insurance tips.
C0098,Sarah shares updates about home safety.
C0099,Liam shares updates about community events.
C0100,Bob shares updates about travel experiences.
C0101,Mason shares updates about insurance tips.
C0102,Ethan shares updates about gadgets.
C0103,Bob shares updates about community events.
C0104,Olivia shares updates about car maintenance.
C0105,David shares updates about travel experiences.
C0106,Sophia shares updates about car maintenance.
C0107,Noah shares updates about insurance tips.
C0108,Bob shares updates about car maintenance.
C0109,Ava shares updates about car maintenance.
C0110,Fatima shares updates about insurance tips.
C0111,Fatima shares updates about insurance tips.
C0112,Sophia shares updates about travel experiences.
C0113,Isabella shares updates about home safety.
C0114,Priya shares updates about health & wellness.
C0115,Bob shares updates about gadgets.
C0116,Sophia shares updates about gadgets.
C0117,Olivia shares updates about travel experiences.
C0118,Ethan shares updates about health & wellness.
C0119,Bob shares updates about gadgets.
C0120,Fatima shares updates about health & wellness.
C0121,Liam shares updates about gadgets.
C0122,John shares updates about car maintenance.
C0123,Priya shares updates about community events.
C0124,Isabella shares updates about travel experiences.
C0125,Alice shares updates about car maintenance.
C0126,Liam shares updates about community events.
C0127,David shares updates about health & wellness.
C0128,Sophia shares updates about community events.
C0129,Lucas shares updates about health & wellness.
C0130,Ava shares updates about car maintenance.
C0131,Fatima shares updates about home safety.
C0132,Liam shares updates about gadgets.
C0133,Ethan shares updates about gadgets.
C0134,Emma shares updates about insurance tips.
C0135,Ava shares updates about travel experiences.
C0136,John shares updates about home safety.
C0137,Priya shares updates about community events.
C0138,Mason shares updates about travel experiences.
C0139,Bob shares updates about car maintenance.
C0140,Noah shares updates about travel experiences.
C0141,Noah shares updates about travel experiences.
C0142,Olivia shares updates about gadgets.
C0143,Bob shares updates about gadgets.
C0144,Carlos shares updates about car maintenance.
C0145,John shares updates about car maintenance.
C0146,Mason shares updates about travel experiences.
C0147,Alice shares updates about home safety.
C0148,Priya shares updates about car maintenance.
C0149,Ava shares updates about car maintenance.
C0150,Carlos shares updates about car maintenance.
C0151,Emma shares updates about health & wellness.
C0152,Mei shares updates about gadgets.
C0153,Priya shares updates about community events.
C0154,Sarah shares updates about home safety.
C0155,Ethan shares updates about home safety.
C0156,Mia shares updates about insurance tips.
C0157,Ethan shares updates about community events.
C0158,Sarah shares updates about health & wellness.
C0159,Olivia shares updates about car maintenance.
C0160,John shares updates about home safety.
C0161,Alice shares updates about home safety.
C0162,Lucas shares updates about health & wellness.
C0163,Noah shares updates about home safety.
C0164,Sarah shares updates about car maintenance.
C0165,Ava shares updates about home safety.
C0166,Mei shares updates about community events.
C0167,Alice shares updates about travel experiences.
C0168,Mei shares updates about car maintenance.
C0169,Emma shares updates about home safety.
C0170,Mason shares updates about home safety.
C0171,Mason shares updates about gadgets.
C0172,Emma shares updates about travel experiences.
C0173,Alice shares updates about car maintenance.
C0174,Fatima shares updates about home safety.
C0175,Alice shares updates about community events.
C0176,Sarah shares updates about insurance tips.
C0177,Noah shares updates about health & wellness.
C0178,Liam shares updates about health & wellness.
C0179,Sophia shares updates about car maintenance.
C0180,Ava shares updates about car maintenance.
C0181,David shares updates about travel experiences.
C0182,Isabella shares updates about insurance tips.
C0183,Priya shares updates about health & wellness.
C0184,Ethan shares updates about health & wellness.
C0185,Olivia shares updates about health & wellness.
C0186,John shares updates about health & wellness.
C0187,Sarah shares updates about home safety.
C0188,Lucas shares updates about car maintenance.
C0189,Mason shares updates about gadgets.
C0190,Sophia shares updates about gadgets.
C0191,Mia shares updates about car maintenance.
C0192,David shares updates about insurance tips.
C0193,Bob shares updates about travel experiences.
C0194,Alice shares updates about insurance tips.
C0195,David shares updates about car maintenance.
C0196,Mei shares updates about insurance tips.
C0197,Isabella shares updates about community events.
C0198,Ava shares updates about health & wellness.
C0199,Olivia shares updates about home safety.
C0200,Alice shares updates about gadgets.
C0201,Priya shares updates about travel experiences.
C0202,David shares updates about travel experiences.
C0203,Lucas shares updates about insurance tips.
C0204,Liam shares updates about travel experiences.
C0205,Noah shares updates about health & wellness.
C0206,Fatima shares updates about health & wellness.
C0207,Mason shares updates about car maintenance.
C0208,Liam shares updates about community events.
C0209,Carlos shares updates about car maintenance.
C0210,David shares updates about gadgets.
C0211,Alice shares updates about car maintenance.
C0212,Carlos shares updates about community events.
C0213,Mason shares updates about travel experiences.
C0214,Bob shares updates about car maintenance.
C0215,Olivia shares updates about travel experiences.
C0216,David shares updates about health & wellness.
C0217,Mason shares updates about car maintenance.
C0218,Ethan shares updates about gadgets.
C0219,John shares updates about travel experiences.
C0220,Bob shares updates about community events.
C0221,Ava shares updates about community events.
C0222,Lucas shares updates about travel experiences.
C0223,Liam shares updates about home safety.
C0224,John shares updates about car maintenance.
C0225,Sophia shares updates about insurance tips.
C0226,John shares updates about community events.
C0227,Ava shares updates about car maintenance.
C0228,Mei shares updates about gadgets.
C0229,Bob shares updates about health & wellness.
C0230,Isabella shares updates about health & wellness.
C0231,Lucas shares updates about insurance tips.
C0232,Sophia shares updates about health & wellness.
C0233,Carlos shares updates about home safety.
C0234,Emma shares updates about health & wellness.
C0235,Priya shares updates about insurance tips.
C0236,Carlos shares updates about gadgets.
C0237,John shares updates about car maintenance.
C0238,Priya shares updates about health & wellness.
C0239,Emma shares updates about insurance tips.
C0240,Carlos shares updates about home safety.
C0241,Mason shares updates about health & wellness.
C0242,Emma shares updates about car maintenance.
C0243,Fatima shares updates about gadgets.
C0244,Priya shares updates about home safety.
C0245,Emma shares updates about insurance tips.
C0246,Mei shares updates about gadgets.
C0247,Emma shares updates about insurance tips.
C0248,Emma shares updates about travel experiences.
C0249,Liam shares updates about community events.
C0250,Carlos shares updates about health & wellness.
C0251,Sophia shares updates about home safety.
C0252,Alice shares updates about gadgets.
C0253,Carlos shares updates about community events.
C0254,Olivia shares updates about community events.
C0255,Mia shares updates about community events.
C0256,Mei shares updates about health & wellness.
C0257,Alice shares updates about gadgets.
C0258,Lucas shares updates about car maintenance.
C0259,Alice shares updates about travel experiences.
C0260,Alice shares updates about gadgets.
C0261,Olivia shares updates about car maintenance.
C0262,Sophia shares updates about home safety.
C0263,Mia shares updates about community events.
C0264,Fatima shares updates about community events.
C0265,Alice shares updates about health & wellness.
C0266,Mei shares updates about car maintenance.
C0267,Priya shares updates about home safety.
C0268,Isabella shares updates about home safety.
C0269,Emma shares updates about health & wellness.
C0270,John shares updates about health & wellness.
C0271,Lucas shares updates about travel experiences.
C0272,Noah shares updates about travel experiences.
C0273,Ethan shares updates about health & wellness.
C0274,Carlos shares updates about gadgets.
C0275,Ava shares updates about car maintenance.
C0276,John shares updates about insurance tips.
C0277,Noah shares updates about insurance tips.
C0278,Fatima shares updates about home safety.
C0279,Ethan shares updates about health & wellness.
C0280,Mason shares updates about car maintenance.
C0281,Lucas shares updates about gadgets.
C0282,Mia shares updates about insurance tips.
C0283,Mason shares updates about travel experiences.
C0284,Sophia shares updates about health & wellness.
C0285,Carlos shares updates about travel experiences.
C0286,Bob shares updates about community events.
C0287,David shares updates about home safety.
C0288,Ava shares updates about travel experiences.
C0289,Carlos shares updates about home safety.
C0290,Bob shares updates about community events.
C0291,Lucas shares updates about insurance tips.
C0292,Isabella shares updates about home safety.
C0293,Carlos shares updates about insurance tips.
C0294,Alice shares updates about travel experiences.
C0295,Sophia shares updates about community events.
C0296,Fatima shares updates about community events.
C0297,Mia shares updates about home safety.
C0298,Sarah shares updates about car maintenance.
C0299,Alice shares updates about health & wellness.
C0300,David shares updates about home safety.
C0301,Bob shares updates about insurance tips.
C0302,Emma shares updates about gadgets.
C0303,Alice shares updates about car maintenance.
C0304,Emma shares updates about community events.
C0305,Emma shares updates about home safety.
C0306,John shares updates about car maintenance.
C0307,Fatima shares updates about insurance tips.
C0308,Mason shares updates about health & wellness.
C0309,Priya shares updates about insurance tips.
C0310,Isabella shares updates about gadgets.
C0311,Sophia shares updates about insurance tips.
C0312,David shares updates about health & wellness.
C0313,Mei shares updates about health & wellness.
C0314,Mia shares updates about insurance tips.
C0315,Mia shares updates about travel experiences.
C0316,John shares updates about home safety.
C0317,Mia shares updates about community events.
C0318,Noah shares updates about insurance tips.
C0319,Emma shares updates about insurance tips.
C0320,Priya shares updates about travel experiences.
C0321,Priya shares updates about health & wellness.
C0322,David shares updates about travel experiences.
C0323,Emma shares updates about home safety.
C0324,Ethan shares updates about gadgets.
C0325,Mia shares updates about community events.
C0326,John shares updates about home safety.
C0327,Mia shares updates about insurance tips.
C0328,Mei shares updates about health & wellness.
C0329,Lucas shares updates about travel experiences.
C0330,Sarah shares updates about insurance tips.
C0331,Lucas shares updates about travel experiences.
C0332,Bob shares updates about insurance tips.
C0333,Isabella shares updates about car maintenance.
C0334,Fatima shares updates about health & wellness.
C0335,Alice shares updates about insurance tips.
C0336,Noah shares updates about community events.
C0337,Lucas shares updates about home safety.
C0338,Isabella shares updates about health & wellness.
C0339,Liam shares updates about gadgets.
C0340,Sophia shares updates about car maintenance.
C0341,Bob shares updates about home safety.
C0342,Fatima shares updates about home safety.
C0343,Olivia shares updates about car maintenance.
C0344,Bob shares updates about community events.
C0345,Mei shares updates about insurance tips.
C0346,Emma shares updates about car maintenance.
C0347,Ava shares updates about community events.
C0348,Olivia shares updates about community events.
C0349,Sophia shares updates about home safety.
C0350,Mia shares updates about insurance tips.
C0351,Carlos shares updates about health & wellness.
C0352,Olivia shares updates about insurance tips.
C0353,Noah shares updates about health & wellness.
C0354,John shares updates about community events.
C0355,Olivia shares updates about health & wellness.
C0356,Sophia shares updates about home safety.
C0357,Mia shares updates about travel experiences.
C0358,Alice shares updates about car maintenance.
C0359,Sophia shares updates about car maintenance.
C0360,Fatima shares updates about health & wellness.
C0361,David shares updates about travel experiences.
C0362,David shares updates about insurance tips.
C0363,John shares updates about insurance tips.
C0364,Fatima shares updates about community events.
C0365,Noah shares updates about travel experiences.
C0366,Fatima shares updates about car maintenance.
C0367,David shares updates about health & wellness.
C0368,Sarah shares updates about home safety.
C0369,Ava shares updates about home safety.
C0370,Noah shares updates about community events.
C0371,Priya shares updates about car maintenance.
C0372,Alice shares updates about gadgets.
C0373,Bob shares updates about community events.
C0374,Ethan shares updates about insurance tips.
C0375,Alice shares updates about travel experiences.
C0376,Carlos shares updates about health & wellness.
C0377,Isabella shares updates about travel experiences.
C0378,Lucas shares updates about car maintenance.
C0379,Ethan shares updates about car maintenance.
C0380,Bob shares updates about car maintenance.
C0381,Isabella shares updates about health & wellness.
C0382,David shares updates about health & wellness.
C0383,Ava shares updates about insurance tips.
C0384,Sophia shares updates about car maintenance.
C0385,Olivia shares updates about health & wellness.
C0386,Sophia shares updates about travel experiences.
C0387,Emma shares updates about insurance tips.
C0388,Sarah shares updates about home safety.
C0389,Ethan shares updates about home safety.
C0390,Isabella shares updates about travel experiences.
C0391,Bob shares updates about car maintenance.
C0392,Alice shares updates about insurance tips.
C0393,Emma shares updates about travel experiences.
C0394,Isabella shares updates about travel experiences.
C0395,John shares updates about community events.
C0396,John shares updates about travel experiences.
C0397,Bob shares updates about travel experiences.
C0398,Alice shares updates about community events.
C0399,Bob shares updates about travel experiences.
C0400,Isabella shares updates about home safety.
C0401,Mei shares updates about health & wellness.
C0402,Fatima shares updates about car maintenance.
C0403,David shares updates about community events.
C0404,Liam shares updates about gadgets.
C0405,Mei shares updates about car maintenance.
C0406,Mei shares updates about travel experiences.
C0407,Priya shares updates about insurance tips.
C0408,Ethan shares updates about home safety.
C0409,Noah shares updates about car maintenance.
C0410,Sarah shares updates about health & wellness.
C0411,Sarah shares updates about community events.
C0412,John shares updates about car maintenance.
C0413,Ava shares updates about home safety.
C0414,Priya shares updates about health & wellness.
C0415,Olivia shares updates about travel experiences.
C0416,David shares updates about home safety.
C0417,Ethan shares updates about home safety.
C0418,Mason shares updates about health & wellness.
C0419,Bob shares updates about insurance tips.
C0420,Olivia shares updates about community events.
C0421,Ava shares updates about insurance tips.
C0422,Mia shares updates about gadgets.
C0423,Noah shares updates about community events.
C0424,Mason shares updates about gadgets.
C0425,Lucas shares updates about insurance tips.
C0426,Sarah shares updates about home safety.
C0427,Mia shares updates about home safety.
C0428,Mason shares updates about travel experiences.
C0429,Isabella shares updates about travel experiences.
C0430,Bob shares updates about home safety.
C0431,Alice shares updates about health & wellness.
C0432,Isabella shares updates about community events.
C0433,Priya shares updates about insurance tips.
C0434,Carlos shares updates about travel experiences.
C0435,Mia shares updates about health & wellness.
C0436,Olivia shares updates about travel experiences.
C0437,Bob shares updates about car maintenance.
C0438,Mia shares updates about community events.
C0439,Ethan shares updates about travel experiences.
C0440,Isabella shares updates about gadgets.
C0441,Mei shares updates about travel experiences.
C0442,Liam shares updates about insurance tips.
C0443,Mason shares updates about insurance tips.
C0444,Fatima shares updates about health & wellness.
C0445,David shares updates about health & wellness.
C0446,Lucas shares updates about travel experiences.
C0447,Alice shares updates about health & wellness.
C0448,Fatima shares updates about health & wellness.
C0449,Mei shares updates about gadgets.
C0450,David shares updates about gadgets.
C0451,Sophia shares updates about home safety.
C0452,Alice shares updates about community events.
C0453,Carlos shares updates about insurance tips.
C0454,Sophia shares updates about gadgets.
C0455,Ava shares updates about travel experiences.
C0456,Sophia shares updates about community events.
C0457,Olivia shares updates about home safety.
C0458,David shares updates about insurance tips.
C0459,Carlos shares updates about car maintenance.
C0460,Ava shares updates about car maintenance.
C0461,Noah shares updates about gadgets.
C0462,Fatima shares updates about travel experiences.
C0463,Mia shares updates about home safety.
C0464,Sophia shares updates about health & wellness.
C0465,Carlos shares updates about community events.
C0466,Ethan shares updates about health & wellness.
C0467,Ava shares updates about car maintenance.
C0468,Isabella shares updates about car maintenance.
C0469,Noah shares updates about car maintenance.
C0470,Olivia shares updates about health & wellness.
C0471,Emma shares updates about travel experiences.
C0472,Mei shares updates about car maintenance.
C0473,Sarah shares updates about community events.
C0474,Isabella shares updates about home safety.
C0475,Emma shares updates about health & wellness.
C0476,Liam shares updates about car maintenance.
C0477,David shares updates about car maintenance.
C0478,David shares updates about home safety.
C0479,Fatima shares updates about car maintenance.
C0480,Olivia shares updates about insurance tips.
C0481,Noah shares updates about car maintenance.
C0482,Sophia shares updates about home safety.
C0483,Noah shares updates about health & wellness.
C0484,Emma shares updates about car maintenance.
C0485,Mei shares updates about insurance tips.
C0486,Sophia shares updates about home safety.
C0487,Sarah shares updates about gadgets.
C0488,Mei shares updates about gadgets.
C0489,Mia shares updates about community events.
C0490,Olivia shares updates about insurance tips.
C0491,Olivia shares updates about car maintenance.
C0492,David shares updates about insurance tips.
C0493,Sophia shares updates about gadgets.
C0494,David shares updates about car maintenance.
C0495,Emma shares updates about health & wellness.
C0496,Mia shares updates about gadgets.
C0497,Emma shares updates about gadgets.
C0498,Olivia shares updates about health & wellness.
C0499,Mason shares updates about home safety.
C0500,Ava shares updates about gadgets.
C0501,Mei shares updates about community events.
C0502,Fatima shares updates about gadgets.
C0503,Sarah shares updates about travel experiences.
C0504,Mia shares updates about health & wellness.
C0505,Sophia shares updates about health & wellness.
C0506,Bob shares updates about travel experiences.
C0507,Carlos shares updates about car maintenance.
C0508,Ethan shares updates about home safety.
C0509,Alice shares updates about insurance tips.
C0510,John shares updates about insurance tips.
C0511,Isabella shares updates about health & wellness.
C0512,Alice shares updates about gadgets.
C0513,Lucas shares updates about insurance tips.
C0514,Bob shares updates about home safety.
C0515,Olivia shares updates about home safety.
C0516,Priya shares updates about insurance tips.
C0517,Fatima shares updates about community events.
C0518,Noah shares updates about community events.
C0519,Alice shares updates about insurance tips.
C0520,Mia shares updates about car maintenance.
C0521,Olivia shares updates about car maintenance.
C0522,Bob shares updates about community events.
C0523,Lucas shares updates about insurance tips.
C0524,Liam shares updates about community events.
C0525,Alice shares updates about health & wellness.
C0526,Bob shares updates about car maintenance.
C0527,Liam shares updates about car maintenance.
C0528,Mason shares updates about insurance tips.
C0529,Liam shares updates about health & wellness.
C0530,Priya shares updates about travel experiences.
C0531,Ava shares updates about health & wellness.
C0532,Mei shares updates about insurance tips.
C0533,Mason shares updates about home safety.
C0534,Bob shares updates about health & wellness.
C0535,Liam shares updates about community events.
C0536,Sarah shares updates about car maintenance.
C0537,Liam shares updates about health & wellness.
C0538,Bob shares updates about health & wellness.
C0539,Mia shares updates about health & wellness.
C0540,Ethan shares updates about car maintenance.
C0541,Bob shares updates about travel experiences.
C0542,Carlos shares updates about travel experiences.
C0543,Alice shares updates about health & wellness.
C0544,Sophia shares updates about insurance tips.
C0545,Olivia shares updates about gadgets.
C0546,Ethan shares updates about health & wellness.
C0547,Priya shares updates about car maintenance.
C0548,John shares updates about health & wellness.
C0549,Ava shares updates about community events.
C0550,Bob shares updates about health & wellness.
C0551,Noah shares updates about travel experiences.
C0552,Bob shares updates about travel experiences.
C0553,Alice shares updates about community events.
C0554,David shares updates about home safety.
C0555,Carlos shares updates about insurance tips.
C0556,Sophia shares updates about insurance tips.
C0557,Carlos shares updates about gadgets.
C0558,Priya shares updates about car maintenance.
C0559,Priya shares updates about home safety.
C0560,Lucas shares updates about travel experiences.
C0561,Mia shares updates about health & wellness.
C0562,Mason shares updates about home safety.
C0563,Mason shares updates about car maintenance.
C0564,Ava shares updates about community events.
C0565,Bob shares updates about insurance tips.
C0566,Carlos shares updates about car maintenance.
C0567,David shares updates about health & wellness.
C0568,Liam shares updates about community events.
C0569,Carlos shares updates about home safety.
C0570,Mia shares updates about car maintenance.
C0571,Isabella shares updates about home safety.
C0572,Fatima shares updates about travel experiences.
C0573,Mia shares updates about insurance tips.
C0574,Ava shares updates about insurance tips.
C0575,Priya shares updates about travel experiences.
C0576,Olivia shares updates about community events.
C0577,Sophia shares updates about gadgets.
C0578,Ava shares updates about insurance tips.
C0579,Fatima shares updates about car maintenance.
C0580,Alice shares updates about health & wellness.
C0581,Bob shares updates about health & wellness.
C0582,Olivia shares updates about gadgets.
C0583,Noah shares updates about insurance tips.
C0584,Mason shares updates about insurance tips.
C0585,Fatima shares updates about insurance tips.
C0586,Carlos shares updates about community events.
C0587,Noah shares updates about community events.
C0588,Isabella shares updates about health & wellness.
C0589,Mia shares updates about travel experiences.
C0590,Sophia shares updates about insurance tips.
C0591,John shares updates about community events.
C0592,Mason shares updates about community events.
C0593,Olivia shares updates about community events.
C0594,Isabella shares updates about community events.
C0595,Emma shares updates about insurance tips.
C0596,Fatima shares updates about gadgets.
C0597,Liam shares updates about travel experiences.
C0598,Fatima shares updates about gadgets.
C0599,Bob shares updates about travel experiences.
C0600,David shares updates about health & wellness.
C0601,Sophia shares updates about health & wellness.
C0602,Isabella shares updates about health & wellness.
C0603,Isabella shares updates about health & wellness.
C0604,David shares updates about health & wellness.
C0605,Isabella shares updates about insurance tips.
C0606,Ava shares updates about car maintenance.
C0607,Liam shares updates about car maintenance.
C0608,Sophia shares updates about car maintenance.
C0609,Fatima shares updates about gadgets.
C0610,Alice shares updates about insurance tips.
C0611,Ava shares updates about community events.
C0612,David shares updates about insurance tips.
C0613,Mia shares updates about health & wellness.
C0614,Ethan shares updates about travel experiences.
C0615,Liam shares updates about travel experiences.
C0616,Fatima shares updates about home safety.
C0617,Mia shares updates about health & wellness.
C0618,Mia shares updates about insurance tips.
C0619,Sophia shares updates about home safety.
C0620,Sophia shares updates about home safety.
C0621,David shares updates about health & wellness.
C0622,Olivia shares updates about community events.
C0623,Carlos shares updates about travel experiences.
C0624,Alice shares updates about insurance tips.
C0625,Ava shares updates about community events.
C0626,Alice shares updates about health & wellness.
C0627,Emma shares updates about gadgets.
C0628,David shares updates about community events.
C0629,Liam shares updates about travel experiences.
C0630,Isabella shares updates about community events.
C0631,Fatima shares updates about car maintenance.
C0632,Sophia shares updates about health & wellness.
C0633,Emma shares updates about community events.
C0634,Noah shares updates about car maintenance.
C0635,Ethan shares updates about health & wellness.
C0636,Olivia shares updates about travel experiences.
C0637,Noah shares updates about car maintenance.
C0638,Liam shares updates about insurance tips.
C0639,Bob shares updates about travel experiences.
C0640,Priya shares updates about home safety.
C0641,Olivia shares updates about car maintenance.
C0642,John shares updates about community events.
C0643,Sophia shares updates about gadgets.
C0644,Carlos shares updates about travel experiences.
C0645,Mia shares updates about gadgets.
C0646,Carlos shares updates about travel experiences.
C0647,Olivia shares updates about car maintenance.
C0648,Alice shares updates about home safety.
C0649,Sarah shares updates about home safety.
C0650,Isabella shares updates about home safety.
C0651,Mason shares updates about community events.
C0652,Mei shares updates about health & wellness.
C0653,Mei shares updates about home safety.
C0654,Isabella shares updates about travel experiences.
C0655,Alice shares updates about insurance tips.
C0656,Liam shares updates about travel experiences.
C0657,Alice shares updates about health & wellness.
C0658,Liam shares updates about gadgets.
C0659,Sophia shares updates about community events.
C0660,Priya shares updates about health & wellness.
C0661,Liam shares updates about car maintenance.
C0662,Liam shares updates about insurance tips.
C0663,Olivia shares updates about insurance tips.
C0664,Sarah shares updates about gadgets.
C0665,Olivia shares updates about gadgets.
C0666,Liam shares updates about insurance tips.
C0667,Lucas shares updates about travel experiences.
C0668,Mason shares updates about community events.
C0669,John shares updates about gadgets.
C0670,Emma shares updates about insurance tips.
C0671,John shares updates about gadgets.
C0672,Isabella shares updates about community events.
C0673,Liam shares updates about gadgets.
C0674,Sophia shares updates about car maintenance.
C0675,Carlos shares updates about home safety.
C0676,Sophia shares updates about insurance tips.
C0677,Sophia shares updates about gadgets.
C0678,Mason shares updates about gadgets.
C0679,Mia shares updates about gadgets.
C0680,Ava shares updates about home safety.
C0681,Mason shares updates about travel experiences.
C0682,Carlos shares updates about car maintenance.
C0683,David shares updates about travel experiences.
C0684,David shares updates about car maintenance.
C0685,Carlos shares updates about gadgets.
C0686,David shares updates about insurance tips.
C0687,Sarah shares updates about home safety.
C0688,John shares updates about home safety.
C0689,Sophia shares updates about community events.
C0690,Priya shares updates about gadgets.
C0691,Sarah shares updates about car maintenance.
C0692,Priya shares updates about health & wellness.
C0693,Fatima shares updates about travel experiences.
C0694,Priya shares updates about car maintenance.
C0695,Lucas shares updates about gadgets.
C0696,John shares updates about home safety.
C0697,Mei shares updates about travel experiences.
C0698,Priya shares updates about community events.
C0699,Ava shares updates about gadgets.
C0700,Ethan shares updates about car maintenance.
C0701,Mia shares updates about home safety.
C0702,Ethan shares updates about health & wellness.
C0703,Lucas shares updates about gadgets.
C0704,Bob shares updates about gadgets.
C0705,Isabella shares updates about car maintenance.
C0706,Ethan shares updates about gadgets.
C0707,Mei shares updates about insurance tips.
C0708,Mia shares updates about community events.
C0709,Carlos shares updates about gadgets.
C0710,Noah shares updates about car maintenance.
C0711,Priya shares updates about travel experiences.
C0712,Mason shares updates about car maintenance.
C0713,Mia shares updates about car maintenance.
C0714,Ethan shares updates about health & wellness.
C0715,Ava shares updates about travel experiences.
C0716,Isabella shares updates about travel experiences.
C0717,David shares updates about community events.
C0718,Ethan shares updates about community events.
C0719,David shares updates about gadgets.
C0720,John shares updates about insurance tips.
C0721,Carlos shares updates about community events.
C0722,Sarah shares updates about health & wellness.
C0723,Olivia shares updates about car maintenance.
C0724,Noah shares updates about car maintenance.
C0725,Carlos shares updates about car maintenance.
C0726,Mia shares updates about car maintenance.
C0727,Ethan shares updates about insurance tips.
C0728,Bob shares updates about health & wellness.
C0729,Mia shares updates about community events.
C0730,Sarah shares updates about health & wellness.
C0731,Liam shares updates about community events.
C0732,Bob shares updates about health & wellness.
C0733,Emma shares updates about insurance tips.
C0734,Ava shares updates about home safety.
C0735,Priya shares updates about community events.
C0736,Fatima shares updates about gadgets.
C0737,Emma shares updates about community events.
C0738,Noah shares updates about community events.
C0739,Carlos shares updates about gadgets.
C0740,Liam shares updates about gadgets.
C0741,Lucas shares updates about health & wellness.
C0742,Noah shares updates about gadgets.
C0743,Mason shares updates about travel experiences.
C0744,Noah shares updates about travel experiences.
C0745,Emma shares updates about community events.
C0746,Alice shares updates about insurance tips.
C0747,Bob shares updates about community events.
C0748,Olivia shares updates about community events.
C0749,Ava shares updates about gadgets.
C0750,Bob shares updates about insurance tips.
C0751,Mia shares updates about car maintenance.
C0752,Olivia shares updates about health & wellness.
C0753,John shares updates about car maintenance.
C0754,Sarah shares updates about home safety.
C0755,Priya shares updates about home safety.
C0756,Isabella shares updates about community events.
C0757,Emma shares updates about home safety.
C0758,John shares updates about travel experiences.
C0759,John shares updates about home safety.
C0760,Carlos shares updates about community events.
C0761,Alice shares updates about gadgets.
C0762,Lucas shares updates about home safety.
C0763,David shares updates about car maintenance.
C0764,Mia shares updates about health & wellness.
C0765,David shares updates about gadgets.
C0766,Sarah shares updates about community events.
C0767,Olivia shares updates about travel experiences.
C0768,Liam shares updates about travel experiences.
C0769,Isabella shares updates about insurance tips.
C0770,Priya shares updates about insurance tips.
C0771,Noah shares updates about home safety.
C0772,Alice shares updates about gadgets.
C0773,Carlos shares updates about home safety.
C0774,Mia shares updates about community events.
C0775,Bob shares updates about community events.
C0776,Lucas shares updates about home safety.
C0777,Noah shares updates about travel experiences.
C0778,Sarah shares updates about home safety.
C0779,Alice shares updates about travel experiences.
C0780,Isabella shares updates about gadgets.
C0781,Mason shares updates about car maintenance.
C0782,Mei shares updates about community events.
C0783,Ethan shares updates about health & wellness.
C0784,Sarah shares updates about car maintenance.
C0785,Mei shares updates about travel experiences.
C0786,Olivia shares updates about community events.
C0787,Sophia shares updates about insurance tips.
C0788,Fatima shares updates about gadgets.
C0789,Mei shares updates about car maintenance.
C0790,Olivia shares updates about gadgets.
C0791,David shares updates about travel experiences.
C0792,Ava shares updates about insurance tips.
C0793,Ethan shares updates about car maintenance.
C0794,Noah shares updates about community events.
C0795,Mason shares updates about health & wellness.
C0796,Mia shares updates about gadgets.
C0797,Mason shares updates about gadgets.
C0798,Sarah shares updates about gadgets.
C0799,Fatima shares updates about home safety.
C0800,Isabella shares updates about gadgets.
C0801,Ava shares updates about gadgets.
C0802,Mia shares updates about home safety.
C0803,Alice shares updates about home safety.
C0804,Mei shares updates about gadgets.
C0805,Fatima shares updates about community events.
C0806,Sophia shares updates about car maintenance.
C0807,Mei shares updates about gadgets.
C0808,Lucas shares updates about travel experiences.
C0809,John shares updates about home safety.
C0810,Bob shares updates about travel experiences.
C0811,Mia shares updates about community events.
C0812,Olivia shares updates about travel experiences.
C0813,Liam shares updates about community events.
C0814,David shares updates about travel experiences.
C0815,Sophia shares updates about home safety.
C0816,Olivia shares updates about health & wellness.
C0817,Sarah shares updates about car maintenance.
C0818,Alice shares updates about home safety.
C0819,Bob shares updates about insurance tips.
C0820,Mei shares updates about gadgets.
C0821,Ethan shares updates about health & wellness.
C0822,Ethan shares updates about home safety.
C0823,Noah shares updates about car maintenance.
C0824,David shares updates about car maintenance.
C0825,Sarah shares updates about insurance tips.
C0826,Ava shares updates about health & wellness.
C0827,Olivia shares updates about home safety.
C0828,Bob shares updates about home safety.
C0829,John shares updates about travel experiences.
C0830,Mia shares updates about health & wellness.
C0831,Bob shares updates about car maintenance.
C0832,Emma shares updates about travel experiences.
C0833,Mia shares updates about travel experiences.
C0834,Bob shares updates about home safety.
C0835,Emma shares updates about travel experiences.
C0836,John shares updates about insurance tips.
C0837,Lucas shares updates about car maintenance.
C0838,Mia shares updates about gadgets.
C0839,Isabella shares updates about car maintenance.
C0840,Mei shares updates about travel experiences.
C0841,Sophia shares updates about community events.
C0842,Lucas shares updates about home safety.
C0843,Mei shares updates about gadgets.
C0844,Carlos shares updates about insurance tips.
C0845,Mason shares updates about health & wellness.
C0846,Sarah shares updates about health & wellness.
C0847,David shares updates about insurance tips.
C0848,John shares updates about car maintenance.
C0849,Sophia shares updates about car maintenance.
C0850,Lucas shares updates about home safety.
C0851,Priya shares updates about health & wellness.
C0852,Alice shares updates about car maintenance.
C0853,Noah shares updates about insurance tips.
C0854,Bob shares updates about insurance tips.
C0855,Noah shares updates about home safety.
C0856,Mason shares updates about travel experiences.
C0857,Olivia shares updates about home safety.
C0858,Liam shares updates about home safety.
C0859,John shares updates about travel experiences.
C0860,Alice shares updates about community events.
C0861,Noah shares updates about home safety.
C0862,Lucas shares updates about home safety.
C0863,Olivia shares updates about gadgets.
C0864,Ava shares updates about community events.
C0865,Carlos shares updates about community events.
C0866,Fatima shares updates about insurance tips.
C0867,Priya shares updates about travel experiences.
C0868,Mia shares updates about home safety.
C0869,Isabella shares updates about home safety.
C0870,Lucas shares updates about insurance tips.
C0871,Noah shares updates about insurance tips.
C0872,Carlos shares updates about travel experiences.
C0873,Mia shares updates about car maintenance.
C0874,Priya shares updates about insurance tips.
C0875,Carlos shares updates about home safety.
C0876,Alice shares updates about home safety.
C0877,David shares updates about travel experiences.
C0878,Liam shares updates about community events.
C0879,Sophia shares updates about gadgets.
C0880,Lucas shares updates about insurance tips.
C0881,Alice shares updates about home safety.
C0882,Noah shares updates about gadgets.
C0883,Olivia shares updates about community events.
C0884,Mia shares updates about community events.
C0885,Mia shares updates about home safety.
C0886,Isabella shares updates about travel experiences.
C0887,Sarah shares updates about health & wellness.
C0888,Olivia shares updates about travel experiences.
C0889,Carlos shares updates about insurance tips.
C0890,Lucas shares updates about car maintenance.
C0891,Mei shares updates about insurance tips.
C0892,Sarah shares updates about health & wellness.
C0893,Ava shares updates about insurance tips.
C0894,Olivia shares updates about home safety.
C0895,Carlos shares updates about health & wellness.
C0896,Liam shares updates about home safety.
C0897,Fatima shares updates about community events.
C0898,David shares updates about home safety.
C0899,John shares updates about community events.
C0900,Mia shares updates about gadgets.
C0901,Noah shares updates about gadgets.
C0902,Olivia shares updates about health & wellness.
C0903,Priya shares updates about health & wellness.
C0904,Sophia shares updates about gadgets.
C0905,John shares updates about health & wellness.
C0906,Mason shares updates about home safety.
C0907,Sarah shares updates about health & wellness.
C0908,Lucas shares updates about home safety.
C0909,John shares updates about insurance tips.
C0910,John shares updates about car maintenance.
C0911,Priya shares updates about health & wellness.
C0912,Isabella shares updates about car maintenance.
C0913,Ethan shares updates about health & wellness.
C0914,Olivia shares updates about health & wellness.
C0915,Noah shares updates about community events.
C0916,Priya shares updates about car maintenance.
C0917,Emma shares updates about car maintenance.
C0918,Mason shares updates about insurance tips.
C0919,Priya shares updates about home safety.
C0920,Fatima shares updates about home safety.
C0921,Emma shares updates about car maintenance.
C0922,Noah shares updates about health & wellness.
C0923,Priya shares updates about gadgets.
C0924,Alice shares updates about gadgets.
C0925,Mei shares updates about community events.
C0926,Mason shares updates about gadgets.
C0927,Bob shares updates about insurance tips.
C0928,John shares updates about travel experiences.
C0929,Mei shares updates about gadgets.
C0930,Lucas shares updates about car maintenance.
C0931,Sarah shares updates about health & wellness.
C0932,Mason shares updates about community events.
C0933,Alice shares updates about car maintenance.
C0934,Sarah shares updates about home safety.
C0935,Fatima shares updates about insurance tips.
C0936,Noah shares updates about travel experiences.
C0937,Mei shares updates about gadgets.
C0938,Priya shares updates about community events.
C0939,Isabella shares updates about insurance tips.
C0940,Noah shares updates about community events.
C0941,Noah shares updates about gadgets.
C0942,Sophia shares updates about community events.
C0943,Bob shares updates about home safety.
C0944,Ava shares updates about insurance tips.
C0945,Mia shares updates about health & wellness.
C0946,Priya shares updates about gadgets.
C0947,Lucas shares updates about travel experiences.
C0948,Noah shares updates about car maintenance.
C0949,Mia shares updates about insurance tips.
C0950,Alice shares updates about insurance tips.
C0951,Sophia shares updates about insurance tips.
C0952,Mason shares updates about car maintenance.
C0953,Fatima shares updates about home safety.
C0954,Isabella shares updates about insurance tips.
C0955,Liam shares updates about gadgets.
C0956,Noah shares updates about insurance tips.
C0957,Alice shares updates about health & wellness.
C0958,Alice shares updates about community events.
C0959,Isabella shares updates about gadgets.
C0960,Isabella shares updates about gadgets.
C0961,Carlos shares updates about community events.
C0962,Carlos shares updates about insurance tips.
C0963,Isabella shares updates about home safety.
C0964,Olivia shares updates about car maintenance.
C0965,Ava shares updates about gadgets.
C0966,Alice shares updates about community events.
C0967,Isabella shares updates about health & wellness.
C0968,Ava shares updates about gadgets.
C0969,Sarah shares updates about gadgets.
C0970,Liam shares updates about gadgets.
C0971,Mason shares updates about insurance tips.
C0972,Mia shares updates about home safety.
C0973,Carlos shares updates about community events.
C0974,Isabella shares updates about home safety.
C0975,Fatima shares updates about home safety.
C0976,Noah shares updates about gadgets.
C0977,Carlos shares updates about home safety.
C0978,Carlos shares updates about insurance tips.
C0979,Ethan shares updates about car maintenance.
C0980,Lucas shares updates about car maintenance.
C0981,Bob shares updates about health & wellness.
C0982,Priya shares updates about gadgets.
C0983,David shares updates about community events.
C0984,Mason shares updates about travel experiences.
C0985,Mia shares updates about travel experiences.
C0986,Sarah shares updates about travel experiences.
C0987,Mei shares updates about travel experiences.
C0988,Lucas shares updates about community events.
C0989,Sarah shares updates about health & wellness.
C0990,Sarah shares updates about insurance tips.
C0991,Liam shares updates about community events.
C0992,Bob shares updates about insurance tips.
C0993,Fatima shares updates about health & wellness.
C0994,Ava shares updates about gadgets.
C0995,Bob shares updates about health & wellness.
C0996,Carlos shares updates about home safety.
C0997,Carlos shares updates about car maintenance.
C0998,Emma shares updates about travel experiences.
C0999,Noah shares updates about gadgets.
C1000,Mia shares updates about insurance tips.
