id,name,age,location,policy,history
C0001,Fatima Kumar,27,Madrid,Auto,Multiple claims
C0002,Ethan Patel,29,Rome,Auto,No claims
C0003,Sophia Chen,29,London,Auto,2 claims
C0004,Mei Martinez,19,Delhi,Gadget,2 claims
C0005,Lucas Martinez,58,Chennai,Home,Multiple claims
C0006,Lucas Smith,20,Tokyo,Health,1 claim
C0007,Carlos Johnson,37,New York,Travel,1 claim
C0008,Liam Williams,27,Tokyo,Home,No claims
C0009,Mason Kumar,60,Paris,Gadget,2 claims
C0010,Lucas Singh,28,California,Travel,Multiple claims
C0011,Mei Brown,46,Dubai,Home,1 claim
C0012,Isabella Singh,59,Chennai,Gadget,Multiple claims
C0013,Mia Kim,32,London,Health,New user
C0014,Ava Lewis,21,Toronto,Health,2 claims
C0015,Lucas Singh,56,Melbourne,Travel,1 claim
C0016,Noah Lee,29,Rome,Travel,New user
C0017,Noah Ruiz,66,Delhi,Health,2 claims
C0018,Sophia Rodriguez,45,Chicago,Home,New user
C0019,Mei Patel,60,Madrid,Gadget,Multiple claims
C0020,Priya Lewis,63,California,Gadget,No claims
C0021,Sophia Garcia,62,Los Angeles,Health,Multiple claims
C0022,Mia Clark,47,Rome,Health,Multiple claims
C0023,Carlos Garcia,70,New York,Gadget,No claims
C0024,Fatima Davis,41,Dubai,Auto,No claims
C0025,Sophia Patel,66,Melbourne,Health,2 claims
C0026,Lucas Kim,37,Cape Town,Gadget,2 claims
C0027,Sarah Davis,66,Berlin,Home,2 claims
C0028,Ava Johnson,48,Tokyo,Auto,1 claim
C0029,Sophia Brown,59,Chicago,Health,1 claim
C0030,Mason Wong,52,Mumbai,Home,1 claim
C0031,Sophia Kim,20,Chennai,Home,2 claims
C0032,Fatima Clark,53,Toronto,Home,Multiple claims
C0033,Noah Brown,60,Dubai,Gadget,New user
C0034,Carlos Clark,69,Mumbai,Travel,2 claims
C0035,John Wong,48,Mumbai,Health,2 claims
C0036,Ava Ruiz,32,London,Home,2 claims
C0037,Olivia Kumar,50,Los Angeles,Home,Multiple claims
C0038,Ava Garcia,18,Delhi,Auto,Multiple claims
C0039,Mason Garcia,22,Los Angeles,Travel,2 claims
C0040,Sarah Patel,30,Rome,Gadget,No claims
C0041,Mia Lewis,37,Mumbai,Gadget,No claims
C0042,Mei Wong,63,Chennai,Home,New user
C0043,John Johnson,55,Cape Town,Gadget,1 claim
C0044,Sarah Clark,42,Mumbai,Travel,New user
C0045,Olivia Garcia,42,Madrid,Travel,1 claim
C0046,Sarah Lee,69,Sydney,Auto,2 claims
C0047,Alice Lee,65,Tokyo,Health,1 claim
C0048,David Lopez,45,Rome,Home,1 claim
C0049,Isabella Brown,60,Chennai,Travel,1 claim
C0050,Mia Kumar,22,Singapore,Health,Multiple claims
C0051,Ava Lopez,40,Los Angeles,Auto,New user
C0052,Mei Kim,65,Melbourne,Home,No claims
C0053,Lucas Chen,55,Chennai,Health,2 claims
C0054,Mason Brown,63,Paris,Home,1 claim
C0055,Noah Lewis,65,Berlin,Auto,New user
C0056,Ava Miller,54,Delhi,Auto,No claims
C0057,Ava Ruiz,19,London,Travel,Multiple claims
C0058,Carlos Chen,40,Melbourne,Travel,Multiple claims
C0059,John Ruiz,31,Chennai,Gadget,2 claims
C0060,Emma Lewis,70,Dubai,Travel,No claims
C0061,Noah Miller,33,Rome,Gadget,1 claim
C0062,Priya Ruiz,32,California,Auto,1 claim
C0063,Mei Brown,66,Cape Town,Travel,New user
C0064,Ethan Kim,32,Mumbai,Health,Multiple claims
C0065,Priya Smith,28,Los Angeles,Health,2 claims
C0066,Carlos Lee,46,Berlin,Gadget,New user
C0067,Olivia Williams,56,Melbourne,Health,New user
C0068,Mia Garcia,67,Cape Town,Travel,1 claim
C0069,Mia Johnson,51,London,Auto,1 claim
C0070,Bob Singh,57,Texas,Auto,No claims
C0071,Sarah Lopez,60,Chennai,Auto,New user
C0072,Olivia Chen,59,Paris,Health,No claims
C0073,Liam Rodriguez,28,Rome,Travel,2 claims
C0074,Liam Martinez,40,New York,Health,Multiple claims
C0075,Mei Miller,66,Delhi,Auto,No claims
C0076,Ava Davis,59,New York,Auto,New user
C0077,Mei Chen,32,Mumbai,Gadget,New user
C0078,Mason Garcia,58,London,Gadget,Multiple claims
C0079,Ava Ruiz,32,Chennai,Home,1 claim
C0080,Noah Chen,45,Tokyo,Home,No claims
C0081,Mei Clark,40,New York,Home,No claims
C0082,Ethan Smith,33,Toronto,Health,2 claims
C0083,Priya Ruiz,62,Chennai,Health,Multiple claims
C0084,Carlos Clark,36,Los Angeles,Gadget,New user
C0085,Fatima Brown,19,Sydney,Health,New user
C0086,Priya Clark,27,Berlin,Home,Multiple claims
C0087,Olivia Patel,51,Toronto,Travel,2 claims
C0088,Alice Ruiz,44,London,Health,2 claims
C0089,Noah Miller,50,Melbourne,Home,New user
C0090,Mason Lewis,57,Chicago,Travel,Multiple claims
C0091,Isabella Johnson,59,Dubai,Gadget,1 claim
C0092,Isabella Davis,33,Toronto,Health,2 claims
C0093,Isabella Chen,29,Cape Town,Gadget,No claims
C0094,Mia Smith,58,Chennai,Home,Multiple claims
C0095,Mei Garcia,61,Chennai,Travel,New user
C0096,Carlos Smith,41,London,Home,1 claim
C0097,Ava Williams,45,Cape Town,Auto,Multiple claims
C0098,Sarah Singh,45,Sydney,Health,2 claims
C0099,Liam Patel,57,Toronto,Travel,No claims
C0100,Bob Kim,47,Toronto,Health,1 claim
C0101,Mason Smith,64,Cape Town,Health,Multiple claims
C0102,Ethan Williams,41,Los Angeles,Auto,New user
C0103,Bob Clark,36,Madrid,Health,1 claim
C0104,Olivia Ruiz,62,Dubai,Travel,1 claim
C0105,David Rodriguez,52,Paris,Auto,Multiple claims
C0106,Sophia Garcia,58,Rome,Travel,New user
C0107,Noah Williams,48,Berlin,Travel,2 claims
C0108,Bob Chen,52,Chicago,Gadget,2 claims
C0109,Ava Brown,58,Texas,Health,1 claim
C0110,Fatima Rodriguez,50,Chicago,Auto,Multiple claims
C0111,Fatima Garcia,26,Madrid,Travel,2 claims
C0112,Sophia Williams,31,Paris,Home,2 claims
C0113,Isabella Kim,49,California,Travel,New user
C0114,Priya Johnson,57,California,Health,2 claims
C0115,Bob Miller,38,New York,Health,2 claims
C0116,Sophia Miller,47,London,Gadget,1 claim
C0117,Olivia Chen,23,Melbourne,Health,No claims
C0118,Ethan Smith,36,Chennai,Auto,Multiple claims
C0119,Bob Chen,31,London,Auto,1 claim
C0120,Fatima Lopez,35,New York,Gadget,2 claims
C0121,Liam Kim,58,California,Gadget,1 claim
C0122,John Brown,58,California,Health,1 claim
C0123,Priya Williams,55,London,Auto,No claims
C0124,Isabella Singh,55,Cape Town,Home,New user
C0125,Alice Davis,31,Dubai,Travel,New user
C0126,Liam Lee,43,Melbourne,Home,1 claim
C0127,David Garcia,27,Dubai,Travel,New user
C0128,Sophia Kumar,20,Cape Town,Health,No claims
C0129,Lucas Martinez,67,Delhi,Home,No claims
C0130,Ava Smith,59,Mumbai,Health,No claims
C0131,Fatima Davis,38,Rome,Home,New user
C0132,Liam Wong,44,Melbourne,Auto,New user
C0133,Ethan Rodriguez,67,London,Health,Multiple claims
C0134,Emma Smith,18,Dubai,Health,Multiple claims
C0135,Ava Ruiz,66,Paris,Health,Multiple claims
C0136,John Davis,42,Madrid,Gadget,1 claim
C0137,Priya Singh,21,Cape Town,Home,2 claims
C0138,Mason Clark,64,Paris,Health,Multiple claims
C0139,Bob Brown,53,Texas,Gadget,2 claims
C0140,Noah Rodriguez,58,California,Auto,No claims
C0141,Noah Lee,18,Dubai,Travel,New user
C0142,Olivia Wong,20,Chicago,Travel,New user
C0143,Bob Lee,59,Paris,Travel,No claims
C0144,Carlos Singh,69,Madrid,Health,1 claim
C0145,John Kumar,70,Paris,Health,Multiple claims
C0146,Mason Miller,26,Sydney,Travel,2 claims
C0147,Alice Kumar,31,Singapore,Auto,New user
C0148,Priya Kim,64,Los Angeles,Health,2 claims
C0149,Ava Wong,60,Dubai,Travel,No claims
C0150,Carlos Patel,43,Delhi,Auto,No claims
C0151,Emma Wong,46,Dubai,Auto,No claims
C0152,Mei Johnson,69,California,Home,Multiple claims
C0153,Priya Ruiz,54,Mumbai,Home,1 claim
C0154,Sarah Rodriguez,65,Paris,Gadget,2 claims
C0155,Ethan Kumar,27,Toronto,Auto,Multiple claims
C0156,Mia Garcia,31,Sydney,Health,2 claims
C0157,Ethan Garcia,37,Paris,Travel,2 claims
C0158,Sarah Johnson,42,Melbourne,Health,Multiple claims
C0159,Olivia Wong,41,Chennai,Health,New user
C0160,John Lopez,62,Singapore,Health,No claims
C0161,Alice Patel,67,Dubai,Travel,New user
C0162,Lucas Lopez,65,Paris,Auto,1 claim
C0163,Noah Chen,44,Cape Town,Auto,New user
C0164,Sarah Lopez,49,London,Health,1 claim
C0165,Ava Chen,23,Toronto,Auto,No claims
C0166,Mei Lewis,42,Berlin,Home,1 claim
C0167,Alice Rodriguez,54,Texas,Gadget,2 claims
C0168,Mei Davis,19,Berlin,Travel,1 claim
C0169,Emma Smith,66,London,Travel,1 claim
C0170,Mason Lewis,46,London,Gadget,2 claims
C0171,Mason Garcia,57,Rome,Home,1 claim
C0172,Emma Smith,30,Delhi,Home,No claims
C0173,Alice Johnson,54,London,Health,No claims
C0174,Fatima Kim,54,London,Auto,Multiple claims
C0175,Alice Patel,54,Cape Town,Travel,1 claim
C0176,Sarah Wong,47,Tokyo,Gadget,2 claims
C0177,Noah Smith,21,Sydney,Health,Multiple claims
C0178,Liam Smith,37,California,Travel,No claims
C0179,Sophia Ruiz,27,Delhi,Travel,2 claims
C0180,Ava Rodriguez,59,Tokyo,Home,Multiple claims
C0181,David Kim,61,Toronto,Auto,1 claim
C0182,Isabella Rodriguez,34,Chennai,Travel,No claims
C0183,Priya Rodriguez,52,Cape Town,Gadget,Multiple claims
C0184,Ethan Martinez,42,Melbourne,Health,2 claims
C0185,Olivia Brown,42,Singapore,Health,1 claim
C0186,John Clark,65,Melbourne,Health,1 claim
C0187,Sarah Brown,58,Singapore,Travel,No claims
C0188,Lucas Johnson,27,London,Health,2 claims
C0189,Mason Miller,44,Dubai,Travel,No claims
C0190,Sophia Patel,36,Texas,Home,No claims
C0191,Mia Davis,63,Madrid,Gadget,Multiple claims
C0192,David Singh,18,Paris,Auto,Multiple claims
C0193,Bob Davis,58,London,Auto,1 claim
C0194,Alice Ruiz,53,Chennai,Travel,No claims
C0195,David Singh,25,Madrid,Health,No claims
C0196,Mei Chen,56,Singapore,Home,1 claim
C0197,Isabella Lopez,59,Texas,Home,No claims
C0198,Ava Garcia,65,Cape Town,Home,Multiple claims
C0199,Olivia Clark,65,Paris,Auto,1 claim
C0200,Alice Wong,49,California,Auto,New user
C0201,Priya Kumar,41,California,Home,No claims
C0202,David Lewis,66,Chicago,Home,1 claim
C0203,Lucas Kumar,63,Dubai,Health,No claims
C0204,Liam Lee,40,Chennai,Auto,Multiple claims
C0205,Noah Garcia,64,Texas,Gadget,No claims
C0206,Fatima Williams,35,London,Home,Multiple claims
C0207,Mason Williams,39,Chennai,Health,2 claims
C0208,Liam Kumar,35,London,Travel,Multiple claims
C0209,Carlos Martinez,19,Melbourne,Travel,Multiple claims
C0210,David Martinez,48,Paris,Health,2 claims
C0211,Alice Lee,55,Delhi,Health,New user
C0212,Carlos Smith,45,Rome,Health,1 claim
C0213,Mason Patel,70,Mumbai,Gadget,No claims
C0214,Bob Davis,26,Mumbai,Health,1 claim
C0215,Olivia Chen,49,Mumbai,Auto,No claims
C0216,David Martinez,64,Madrid,Health,Multiple claims
C0217,Mason Davis,50,Chennai,Home,1 claim
C0218,Ethan Ruiz,33,Texas,Auto,2 claims
C0219,John Brown,25,Chicago,Health,No claims
C0220,Bob Smith,55,Chennai,Gadget,No claims
C0221,Ava Kumar,43,Berlin,Home,2 claims
C0222,Lucas Kumar,40,Delhi,Gadget,1 claim
C0223,Liam Brown,26,London,Health,1 claim
C0224,John Johnson,45,Sydney,Travel,Multiple claims
C0225,Sophia Kumar,46,Cape Town,Health,New user
C0226,John Williams,30,Berlin,Gadget,2 claims
C0227,Ava Kim,22,Rome,Auto,No claims
C0228,Mei Lee,53,Rome,Gadget,New user
C0229,Bob Ruiz,52,Paris,Gadget,Multiple claims
C0230,Isabella Lopez,56,Cape Town,Gadget,New user
C0231,Lucas Lewis,21,Cape Town,Home,Multiple claims
C0232,Sophia Ruiz,35,Chicago,Gadget,No claims
C0233,Carlos Brown,57,Paris,Auto,1 claim
C0234,Emma Miller,30,Texas,Health,1 claim
C0235,Priya Davis,61,Chennai,Home,New user
C0236,Carlos Smith,62,Rome,Auto,1 claim
C0237,John Johnson,36,Tokyo,Home,1 claim
C0238,Priya Smith,64,Madrid,Home,1 claim
C0239,Emma Lopez,37,New York,Gadget,2 claims
C0240,Carlos Chen,70,London,Home,2 claims
C0241,Mason Martinez,39,Delhi,Gadget,No claims
C0242,Emma Martinez,30,Delhi,Home,1 claim
C0243,Fatima Lewis,60,Singapore,Health,Multiple claims
C0244,Priya Lewis,24,California,Health,No claims
C0245,Emma Wong,19,Berlin,Gadget,1 claim
C0246,Mei Wong,53,Singapore,Gadget,2 claims
C0247,Emma Clark,19,Singapore,Health,1 claim
C0248,Emma Kim,20,Texas,Auto,New user
C0249,Liam Singh,36,Berlin,Gadget,1 claim
C0250,Carlos Singh,36,New York,Auto,1 claim
C0251,Sophia Kumar,18,New York,Auto,No claims
C0252,Alice Kim,18,Toronto,Gadget,1 claim
C0253,Carlos Smith,61,Sydney,Travel,Multiple claims
C0254,Olivia Patel,32,Los Angeles,Auto,Multiple claims
C0255,Mia Lee,38,Chennai,Gadget,Multiple claims
C0256,Mei Williams,32,Mumbai,Gadget,New user
C0257,Alice Wong,20,Toronto,Gadget,Multiple claims
C0258,Lucas Chen,20,Toronto,Home,Multiple claims
C0259,Alice Lee,40,Mumbai,Health,No claims
C0260,Alice Lee,23,Delhi,Auto,Multiple claims
C0261,Olivia Kumar,63,Delhi,Auto,New user
C0262,Sophia Clark,22,Texas,Gadget,1 claim
C0263,Mia Lewis,24,Melbourne,Auto,No claims
C0264,Fatima Davis,56,Dubai,Auto,2 claims
C0265,Alice Johnson,23,Mumbai,Home,New user
C0266,Mei Ruiz,38,Cape Town,Auto,No claims
C0267,Priya Lee,62,Mumbai,Travel,1 claim
C0268,Isabella Johnson,56,Rome,Travel,1 claim
C0269,Emma Clark,25,London,Gadget,1 claim
C0270,John Smith,34,Berlin,Auto,No claims
C0271,Lucas Clark,41,Mumbai,Health,2 claims
C0272,Noah Williams,66,Madrid,Gadget,2 claims
C0273,Ethan Martinez,66,Berlin,Gadget,New user
C0274,Carlos Wong,30,Tokyo,Gadget,New user
C0275,Ava Kim,69,Rome,Auto,Multiple claims
C0276,John Wong,30,Chicago,Home,2 claims
C0277,Noah Martinez,65,Paris,Auto,No claims
C0278,Fatima Patel,35,Melbourne,Gadget,No claims
C0279,Ethan Clark,62,Toronto,Travel,New user
C0280,Mason Brown,28,Sydney,Health,New user
C0281,Lucas Garcia,36,Rome,Health,1 claim
C0282,Mia Kumar,68,Mumbai,Auto,Multiple claims
C0283,Mason Kim,32,Los Angeles,Gadget,2 claims
C0284,Sophia Clark,40,Sydney,Home,1 claim
C0285,Carlos Wong,27,Mumbai,Auto,Multiple claims
C0286,Bob Johnson,34,Los Angeles,Health,1 claim
C0287,David Patel,29,California,Auto,2 claims
C0288,Ava Miller,68,Rome,Health,1 claim
C0289,Carlos Brown,25,Cape Town,Health,New user
C0290,Bob Martinez,36,Toronto,Auto,1 claim
C0291,Lucas Martinez,19,Melbourne,Gadget,New user
C0292,Isabella Martinez,66,Chicago,Gadget,2 claims
C0293,Carlos Ruiz,32,Berlin,Auto,Multiple claims
C0294,Alice Kim,47,Cape Town,Home,No claims
C0295,Sophia Patel,68,Berlin,Travel,1 claim
C0296,Fatima Johnson,43,Berlin,Auto,Multiple claims
C0297,Mia Wong,67,California,Health,1 claim
C0298,Sarah Garcia,30,Mumbai,Gadget,1 claim
C0299,Alice Kumar,34,Cape Town,Gadget,New user
C0300,David Lopez,23,Rome,Auto,2 claims
C0301,Bob Wong,23,London,Gadget,No claims
C0302,Emma Kim,43,Singapore,Auto,Multiple claims
C0303,Alice Clark,63,Dubai,Gadget,Multiple claims
C0304,Emma Rodriguez,23,Dubai,Auto,New user
C0305,Emma Brown,49,Texas,Travel,Multiple claims
C0306,John Lopez,36,Chicago,Gadget,New user
C0307,Fatima Miller,25,California,Home,Multiple claims
C0308,Mason Chen,35,Singapore,Travel,New user
C0309,Priya Williams,35,Los Angeles,Home,New user
C0310,Isabella Clark,68,Chennai,Home,Multiple claims
C0311,Sophia Martinez,36,Singapore,Auto,No claims
C0312,David Chen,39,Rome,Gadget,Multiple claims
C0313,Mei Kim,64,Berlin,Auto,2 claims
C0314,Mia Ruiz,56,Singapore,Health,Multiple claims
C0315,Mia Ruiz,44,Tokyo,Auto,2 claims
C0316,John Lopez,56,Paris,Auto,Multiple claims
C0317,Mia Lee,65,Singapore,Auto,1 claim
C0318,Noah Singh,21,Melbourne,Home,New user
C0319,Emma Kumar,46,New York,Gadget,2 claims
C0320,Priya Clark,25,Madrid,Health,2 claims
C0321,Priya Brown,22,Delhi,Health,1 claim
C0322,David Lee,32,Chennai,Auto,Multiple claims
C0323,Emma Wong,69,Delhi,Health,1 claim
C0324,Ethan Singh,35,California,Travel,New user
C0325,Mia Ruiz,40,Sydney,Auto,1 claim
C0326,John Ruiz,67,Toronto,Auto,New user
C0327,Mia Patel,65,Singapore,Auto,1 claim
C0328,Mei Brown,41,Chicago,Travel,New user
C0329,Lucas Ruiz,56,Delhi,Gadget,1 claim
C0330,Sarah Patel,27,Paris,Home,New user
C0331,Lucas Chen,48,Melbourne,Auto,2 claims
C0332,Bob Johnson,20,Cape Town,Home,Multiple claims
C0333,Isabella Kim,27,Toronto,Auto,1 claim
C0334,Fatima Wong,70,Texas,Travel,No claims
C0335,Alice Lee,54,Madrid,Travel,2 claims
C0336,Noah Williams,70,Toronto,Gadget,No claims
C0337,Lucas Chen,28,Toronto,Home,Multiple claims
C0338,Isabella Miller,70,Texas,Gadget,No claims
C0339,Liam Lee,46,Chicago,Health,New user
C0340,Sophia Miller,33,Mumbai,Gadget,No claims
C0341,Bob Ruiz,34,California,Home,New user
C0342,Fatima Clark,19,Tokyo,Gadget,No claims
C0343,Olivia Rodriguez,43,Delhi,Health,1 claim
C0344,Bob Lopez,46,Sydney,Auto,Multiple claims
C0345,Mei Miller,40,Chicago,Auto,Multiple claims
C0346,Emma Chen,69,Madrid,Auto,Multiple claims
C0347,Ava Lee,37,London,Travel,1 claim
C0348,Olivia Williams,66,Singapore,Health,No claims
C0349,Sophia Davis,32,Mumbai,Health,Multiple claims
C0350,Mia Patel,45,Singapore,Travel,2 claims
C0351,Carlos Kim,64,Cape Town,Gadget,1 claim
C0352,Olivia Singh,34,Rome,Health,2 claims
C0353,Noah Johnson,38,Berlin,Gadget,New user
C0354,John Patel,35,Paris,Home,2 claims
C0355,Olivia Garcia,60,Delhi,Travel,No claims
C0356,Sophia Miller,22,California,Auto,Multiple claims
C0357,Mia Kumar,48,Cape Town,Auto,2 claims
C0358,Alice Kumar,62,London,Gadget,1 claim
C0359,Sophia Miller,34,Los Angeles,Gadget,2 claims
C0360,Fatima Smith,43,Berlin,Travel,No claims
C0361,David Davis,54,Singapore,Health,New user
C0362,David Johnson,29,Paris,Health,2 claims
C0363,John Miller,22,Paris,Gadget,1 claim
C0364,Fatima Williams,27,Chicago,Travel,Multiple claims
C0365,Noah Wong,35,Cape Town,Home,1 claim
C0366,Fatima Wong,35,Tokyo,Home,No claims
C0367,David Johnson,20,Berlin,Auto,No claims
C0368,Sarah Kim,47,Tokyo,Health,No claims
C0369,Ava Lee,65,Chicago,Health,Multiple claims
C0370,Noah Singh,44,Berlin,Home,1 claim
C0371,Priya Garcia,26,California,Travel,2 claims
C0372,Alice Lewis,34,Chicago,Home,No claims
C0373,Bob Martinez,43,Paris,Gadget,1 claim
C0374,Ethan Singh,34,Tokyo,Home,New user
C0375,Alice Johnson,42,Toronto,Gadget,1 claim
C0376,Carlos Kim,42,California,Gadget,1 claim
C0377,Isabella Lopez,65,Berlin,Health,New user
C0378,Lucas Garcia,61,Los Angeles,Travel,Multiple claims
C0379,Ethan Wong,65,Rome,Home,1 claim
C0380,Bob Johnson,55,Toronto,Home,2 claims
C0381,Isabella Rodriguez,61,Dubai,Health,1 claim
C0382,David Miller,29,Texas,Home,No claims
C0383,Ava Martinez,39,Singapore,Travel,Multiple claims
C0384,Sophia Lee,34,Tokyo,Travel,2 claims
C0385,Olivia Johnson,20,Los Angeles,Auto,New user
C0386,Sophia Martinez,61,Delhi,Home,New user
C0387,Emma Ruiz,34,Paris,Auto,Multiple claims
C0388,Sarah Garcia,35,Los Angeles,Gadget,2 claims
C0389,Ethan Singh,25,New York,Auto,1 claim
C0390,Isabella Lewis,26,Singapore,Home,1 claim
C0391,Bob Clark,54,Berlin,Health,New user
C0392,Alice Rodriguez,34,New York,Health,No claims
C0393,Emma Clark,32,Melbourne,Health,Multiple claims
C0394,Isabella Wong,52,Paris,Home,Multiple claims
C0395,John Chen,46,Melbourne,Gadget,New user
C0396,John Martinez,54,Mumbai,Health,2 claims
C0397,Bob Clark,66,London,Health,1 claim
C0398,Alice Smith,51,London,Auto,New user
C0399,Bob Miller,22,Berlin,Home,1 claim
C0400,Isabella Chen,70,Paris,Auto,Multiple claims
C0401,Mei Kim,62,Tokyo,Travel,No claims
C0402,Fatima Miller,57,Tokyo,Travel,1 claim
C0403,David Ruiz,27,Los Angeles,Health,1 claim
C0404,Liam Lee,67,Chennai,Gadget,Multiple claims
C0405,Mei Lopez,20,Sydney,Travel,New user
C0406,Mei Lee,45,Madrid,Gadget,Multiple claims
C0407,Priya Johnson,21,Cape Town,Health,1 claim
C0408,Ethan Rodriguez,28,California,Home,1 claim
C0409,Noah Ruiz,68,London,Gadget,Multiple claims
C0410,Sarah Ruiz,70,Delhi,Auto,1 claim
C0411,Sarah Lopez,41,Cape Town,Health,No claims
C0412,John Lee,20,Singapore,Travel,2 claims
C0413,Ava Martinez,62,Los Angeles,Health,No claims
C0414,Priya Miller,58,Chennai,Travel,New user
C0415,Olivia Lopez,56,Toronto,Gadget,No claims
C0416,David Johnson,62,Delhi,Travel,2 claims
C0417,Ethan Smith,27,Tokyo,Travel,2 claims
C0418,Mason Williams,63,Dubai,Gadget,Multiple claims
C0419,Bob Kumar,28,London,Health,No claims
C0420,Olivia Wong,60,Cape Town,Health,Multiple claims
C0421,Ava Wong,58,Sydney,Gadget,2 claims
C0422,Mia Patel,51,Singapore,Health,1 claim
C0423,Noah Davis,53,Texas,Gadget,1 claim
C0424,Mason Chen,21,Texas,Auto,2 claims
C0425,Lucas Smith,32,Toronto,Health,No claims
C0426,Sarah Ruiz,26,Dubai,Gadget,No claims
C0427,Mia Patel,25,Paris,Travel,2 claims
C0428,Mason Brown,42,Dubai,Health,1 claim
C0429,Isabella Chen,32,London,Travel,New user
C0430,Bob Rodriguez,60,Mumbai,Travel,Multiple claims
C0431,Alice Davis,58,Texas,Home,2 claims
C0432,Isabella Wong,26,Tokyo,Health,New user
C0433,Priya Lewis,54,Cape Town,Gadget,Multiple claims
C0434,Carlos Johnson,54,Los Angeles,Travel,Multiple claims
C0435,Mia Brown,33,California,Gadget,Multiple claims
C0436,Olivia Garcia,56,Rome,Health,No claims
C0437,Bob Kim,25,California,Health,New user
C0438,Mia Lewis,19,Tokyo,Health,2 claims
C0439,Ethan Lewis,30,Madrid,Travel,2 claims
C0440,Isabella Ruiz,32,Los Angeles,Gadget,Multiple claims
C0441,Mei Chen,25,Madrid,Travel,No claims
C0442,Liam Singh,61,Toronto,Auto,New user
C0443,Mason Ruiz,30,Texas,Health,Multiple claims
C0444,Fatima Martinez,37,Berlin,Gadget,1 claim
C0445,David Kim,40,California,Gadget,1 claim
C0446,Lucas Kim,35,California,Travel,No claims
C0447,Alice Kumar,39,Toronto,Health,2 claims
C0448,Fatima Kumar,35,Singapore,Auto,1 claim
C0449,Mei Johnson,24,Sydney,Health,Multiple claims
C0450,David Kumar,69,Los Angeles,Travel,Multiple claims
C0451,Sophia Miller,62,Cape Town,Travel,Multiple claims
C0452,Alice Martinez,63,Paris,Travel,New user
C0453,Carlos Miller,21,Texas,Travel,2 claims
C0454,Sophia Garcia,42,Tokyo,Travel,Multiple claims
C0455,Ava Kim,47,Tokyo,Travel,New user
C0456,Sophia Singh,70,Chicago,Auto,1 claim
C0457,Olivia Lewis,18,Cape Town,Auto,1 claim
C0458,David Garcia,49,Tokyo,Home,New user
C0459,Carlos Wong,67,Texas,Home,Multiple claims
C0460,Ava Davis,46,Paris,Health,New user
C0461,Noah Davis,68,Rome,Travel,2 claims
C0462,Fatima Williams,63,Rome,Gadget,New user
C0463,Mia Garcia,67,Berlin,Auto,No claims
C0464,Sophia Singh,36,Tokyo,Gadget,Multiple claims
C0465,Carlos Williams,26,Berlin,Health,1 claim
C0466,Ethan Clark,19,Cape Town,Auto,2 claims
C0467,Ava Davis,26,London,Home,No claims
C0468,Isabella Wong,20,Toronto,Health,2 claims
C0469,Noah Lee,62,California,Home,2 claims
C0470,Olivia Williams,59,Cape Town,Home,2 claims
C0471,Emma Garcia,59,New York,Health,1 claim
C0472,Mei Williams,23,Dubai,Gadget,Multiple claims
C0473,Sarah Martinez,56,Delhi,Health,No claims
C0474,Isabella Wong,48,Berlin,Health,1 claim
C0475,Emma Wong,28,Singapore,Health,No claims
C0476,Liam Singh,22,Toronto,Auto,New user
C0477,David Davis,43,Sydney,Gadget,New user
C0478,David Lee,52,Paris,Travel,Multiple claims
C0479,Fatima Kim,20,Dubai,Home,No claims
C0480,Olivia Lee,25,London,Gadget,2 claims
C0481,Noah Martinez,59,Sydney,Health,Multiple claims
C0482,Sophia Ruiz,23,Madrid,Travel,New user
C0483,Noah Singh,48,Sydney,Gadget,2 claims
C0484,Emma Lewis,37,Los Angeles,Health,2 claims
C0485,Mei Rodriguez,39,Rome,Home,Multiple claims
C0486,Sophia Kumar,69,Texas,Auto,No claims
C0487,Sarah Miller,22,Chennai,Auto,New user
C0488,Mei Patel,22,Madrid,Auto,2 claims
C0489,Mia Kumar,61,London,Health,2 claims
C0490,Olivia Smith,33,New York,Auto,New user
C0491,Olivia Lopez,46,California,Gadget,1 claim
C0492,David Martinez,46,Tokyo,Health,New user
C0493,Sophia Smith,42,Paris,Auto,2 claims
C0494,David Smith,29,Berlin,Auto,No claims
C0495,Emma Clark,39,Rome,Gadget,Multiple claims
C0496,Mia Clark,56,Mumbai,Auto,New user
C0497,Emma Lee,51,Berlin,Health,Multiple claims
C0498,Olivia Lopez,38,Texas,Health,1 claim
C0499,Mason Williams,31,Melbourne,Travel,1 claim
C0500,Ava Ruiz,38,Singapore,Health,No claims
C0501,Mei Brown,55,Berlin,Health,No claims
C0502,Fatima Lewis,49,Paris,Health,New user
C0503,Sarah Ruiz,68,Cape Town,Home,1 claim
C0504,Mia Chen,66,Chennai,Health,Multiple claims
C0505,Sophia Lewis,64,Madrid,Travel,1 claim
C0506,Bob Wong,64,London,Home,1 claim
C0507,Carlos Kim,45,Chennai,Travel,Multiple claims
C0508,Ethan Wong,52,Madrid,Travel,2 claims
C0509,Alice Lopez,26,California,Health,2 claims
C0510,John Rodriguez,64,Los Angeles,Gadget,1 claim
C0511,Isabella Lewis,20,Tokyo,Health,New user
C0512,Alice Garcia,34,Texas,Home,New user
C0513,Lucas Lewis,53,Berlin,Gadget,1 claim
C0514,Bob Johnson,36,London,Travel,No claims
C0515,Olivia Wong,61,New York,Home,New user
C0516,Priya Kumar,67,Chicago,Travel,No claims
C0517,Fatima Kumar,33,Chennai,Health,New user
C0518,Noah Wong,62,Madrid,Gadget,Multiple claims
C0519,Alice Lee,62,Tokyo,Travel,1 claim
C0520,Mia Lee,38,Delhi,Auto,Multiple claims
C0521,Olivia Patel,25,Delhi,Auto,New user
C0522,Bob Davis,43,Melbourne,Travel,1 claim
C0523,Lucas Lewis,21,Sydney,Travel,Multiple claims
C0524,Liam Lopez,57,Berlin,Gadget,Multiple claims
C0525,Alice Kumar,53,Los Angeles,Auto,New user
C0526,Bob Garcia,49,Toronto,Auto,Multiple claims
C0527,Liam Lee,36,Singapore,Health,1 claim
C0528,Mason Clark,56,Cape Town,Health,Multiple claims
C0529,Liam Smith,39,Los Angeles,Gadget,Multiple claims
C0530,Priya Williams,69,New York,Travel,Multiple claims
C0531,Ava Miller,18,Cape Town,Auto,No claims
C0532,Mei Ruiz,29,Tokyo,Auto,No claims
C0533,Mason Wong,65,Sydney,Home,New user
C0534,Bob Clark,18,Toronto,Health,No claims
C0535,Liam Lopez,39,Sydney,Travel,1 claim
C0536,Sarah Johnson,29,Mumbai,Home,No claims
C0537,Liam Williams,36,California,Auto,2 claims
C0538,Bob Lee,55,Sydney,Home,No claims
C0539,Mia Clark,63,Madrid,Auto,New user
C0540,Ethan Smith,21,Madrid,Home,2 claims
C0541,Bob Brown,47,Cape Town,Travel,2 claims
C0542,Carlos Garcia,40,London,Health,2 claims
C0543,Alice Davis,45,Chennai,Home,No claims
C0544,Sophia Ruiz,20,Cape Town,Health,No claims
C0545,Olivia Smith,68,Toronto,Travel,1 claim
C0546,Ethan Smith,40,New York,Travel,2 claims
C0547,Priya Kumar,53,Berlin,Health,2 claims
C0548,John Smith,29,Madrid,Gadget,New user
C0549,Ava Kumar,18,Delhi,Health,1 claim
C0550,Bob Kim,63,Sydney,Travel,1 claim
C0551,Noah Lopez,69,Cape Town,Home,1 claim
C0552,Bob Garcia,28,Delhi,Gadget,New user
C0553,Alice Johnson,31,Chennai,Gadget,No claims
C0554,David Williams,61,Dubai,Home,1 claim
C0555,Carlos Brown,22,Chennai,Home,Multiple claims
C0556,Sophia Lewis,36,London,Home,2 claims
C0557,Carlos Chen,66,Toronto,Auto,No claims
C0558,Priya Lee,46,Texas,Health,Multiple claims
C0559,Priya Kim,25,Singapore,Travel,1 claim
C0560,Lucas Lewis,36,Toronto,Home,Multiple claims
C0561,Mia Kumar,56,Melbourne,Gadget,No claims
C0562,Mason Lopez,28,Cape Town,Home,New user
C0563,Mason Patel,18,Rome,Health,2 claims
C0564,Ava Kim,21,California,Auto,1 claim
C0565,Bob Lee,51,Rome,Health,1 claim
C0566,Carlos Lee,66,California,Gadget,2 claims
C0567,David Garcia,37,Singapore,Auto,1 claim
C0568,Liam Miller,56,Los Angeles,Auto,Multiple claims
C0569,Carlos Miller,41,Paris,Gadget,New user
C0570,Mia Wong,42,Melbourne,Health,New user
C0571,Isabella Garcia,47,Cape Town,Gadget,1 claim
C0572,Fatima Singh,61,Mumbai,Gadget,New user
C0573,Mia Davis,62,Dubai,Gadget,1 claim
C0574,Ava Lee,48,Cape Town,Health,No claims
C0575,Priya Davis,63,Delhi,Health,2 claims
C0576,Olivia Rodriguez,61,Singapore,Auto,Multiple claims
C0577,Sophia Chen,51,Mumbai,Auto,New user
C0578,Ava Rodriguez,55,California,Travel,1 claim
C0579,Fatima Patel,65,Chennai,Auto,Multiple claims
C0580,Alice Miller,54,Singapore,Travel,New user
C0581,Bob Johnson,19,Melbourne,Health,No claims
C0582,Olivia Lopez,23,Chennai,Health,New user
C0583,Noah Lewis,54,Cape Town,Health,Multiple claims
C0584,Mason Martinez,20,Berlin,Health,1 claim
C0585,Fatima Johnson,45,Mumbai,Health,Multiple claims
C0586,Carlos Garcia,47,Cape Town,Gadget,New user
C0587,Noah Smith,60,Los Angeles,Health,No claims
C0588,Isabella Kumar,25,Paris,Travel,New user
C0589,Mia Wong,18,Berlin,Travel,New user
C0590,Sophia Rodriguez,39,Chicago,Gadget,New user
C0591,John Garcia,69,New York,Travel,Multiple claims
C0592,Mason Chen,47,Delhi,Gadget,No claims
C0593,Olivia Singh,42,Dubai,Auto,Multiple claims
C0594,Isabella Chen,35,Rome,Auto,No claims
C0595,Emma Chen,52,Paris,Gadget,1 claim
C0596,Fatima Miller,35,Tokyo,Home,2 claims
C0597,Liam Smith,28,Sydney,Health,2 claims
C0598,Fatima Wong,44,Toronto,Health,No claims
C0599,Bob Chen,22,Texas,Health,No claims
C0600,David Kim,46,Madrid,Auto,1 claim
C0601,Sophia Smith,25,Singapore,Health,New user
C0602,Isabella Clark,62,Mumbai,Travel,Multiple claims
C0603,Isabella Kim,45,Dubai,Gadget,No claims
C0604,David Garcia,65,Mumbai,Home,1 claim
C0605,Isabella Lee,46,Tokyo,Home,New user
C0606,Ava Singh,53,Tokyo,Health,No claims
C0607,Liam Wong,23,Singapore,Travel,Multiple claims
C0608,Sophia Martinez,66,Cape Town,Gadget,2 claims
C0609,Fatima Miller,51,Chennai,Travel,New user
C0610,Alice Garcia,21,Madrid,Travel,1 claim
C0611,Ava Chen,19,Delhi,Auto,Multiple claims
C0612,David Wong,41,Melbourne,Gadget,1 claim
C0613,Mia Wong,26,Toronto,Gadget,No claims
C0614,Ethan Brown,19,Chicago,Auto,1 claim
C0615,Liam Kumar,53,Sydney,Auto,Multiple claims
C0616,Fatima Singh,62,Tokyo,Gadget,Multiple claims
C0617,Mia Smith,55,Delhi,Travel,No claims
C0618,Mia Ruiz,56,Texas,Home,Multiple claims
C0619,Sophia Patel,25,Rome,Auto,No claims
C0620,Sophia Miller,45,Madrid,Health,New user
C0621,David Lewis,27,Paris,Gadget,1 claim
C0622,Olivia Rodriguez,50,Singapore,Health,No claims
C0623,Carlos Davis,27,Melbourne,Home,Multiple claims
C0624,Alice Ruiz,62,Cape Town,Travel,Multiple claims
C0625,Ava Ruiz,27,Dubai,Travel,2 claims
C0626,Alice Wong,40,California,Home,New user
C0627,Emma Kim,26,London,Home,Multiple claims
C0628,David Patel,32,Toronto,Travel,Multiple claims
C0629,Liam Smith,44,California,Home,New user
C0630,Isabella Chen,29,Melbourne,Home,1 claim
C0631,Fatima Garcia,34,Mumbai,Home,New user
C0632,Sophia Martinez,30,Toronto,Travel,New user
C0633,Emma Johnson,52,Toronto,Travel,New user
C0634,Noah Singh,32,Delhi,Home,New user
C0635,Ethan Lee,48,Madrid,Auto,No claims
C0636,Olivia Miller,50,Tokyo,Health,1 claim
C0637,Noah Miller,67,Cape Town,Health,No claims
C0638,Liam Johnson,38,Tokyo,Auto,No claims
C0639,Bob Garcia,36,Tokyo,Home,2 claims
C0640,Priya Singh,28,Madrid,Auto,No claims
C0641,Olivia Williams,62,Tokyo,Gadget,1 claim
C0642,John Lewis,64,Los Angeles,Gadget,Multiple claims
C0643,Sophia Lee,57,California,Health,2 claims
C0644,Carlos Lopez,31,Cape Town,Home,New user
C0645,Mia Williams,44,Los Angeles,Home,No claims
C0646,Carlos Smith,37,Madrid,Health,2 claims
C0647,Olivia Singh,51,Texas,Auto,1 claim
C0648,Alice Kim,29,New York,Auto,1 claim
C0649,Sarah Rodriguez,48,Melbourne,Travel,No claims
C0650,Isabella Wong,30,Madrid,Auto,Multiple claims
C0651,Mason Singh,68,California,Auto,2 claims
C0652,Mei Lopez,23,Chennai,Auto,Multiple claims
C0653,Mei Smith,61,Sydney,Auto,2 claims
C0654,Isabella Lewis,41,California,Health,New user
C0655,Alice Lewis,60,Madrid,Home,Multiple claims
C0656,Liam Davis,22,Delhi,Auto,1 claim
C0657,Alice Lewis,27,Los Angeles,Home,2 claims
C0658,Liam Brown,26,Melbourne,Auto,Multiple claims
C0659,Sophia Wong,50,Melbourne,Gadget,New user
C0660,Priya Clark,57,Toronto,Travel,1 claim
C0661,Liam Ruiz,66,Madrid,Home,2 claims
C0662,Liam Ruiz,38,Tokyo,Gadget,Multiple claims
C0663,Olivia Williams,46,Cape Town,Travel,1 claim
C0664,Sarah Kumar,27,London,Auto,1 claim
C0665,Olivia Patel,35,Mumbai,Auto,Multiple claims
C0666,Liam Kim,61,Rome,Gadget,2 claims
C0667,Lucas Wong,20,Rome,Gadget,No claims
C0668,Mason Rodriguez,30,Madrid,Auto,2 claims
C0669,John Wong,47,Delhi,Health,2 claims
C0670,Emma Smith,36,Berlin,Travel,No claims
C0671,John Singh,33,Texas,Health,2 claims
C0672,Isabella Wong,46,Toronto,Home,Multiple claims
C0673,Liam Singh,50,Delhi,Health,1 claim
C0674,Sophia Williams,57,Sydney,Home,2 claims
C0675,Carlos Davis,34,Berlin,Auto,2 claims
C0676,Sophia Kumar,52,Paris,Home,Multiple claims
C0677,Sophia Brown,64,New York,Auto,1 claim
C0678,Mason Williams,23,Chicago,Gadget,New user
C0679,Mia Williams,64,New York,Health,2 claims
C0680,Ava Smith,61,Tokyo,Auto,New user
C0681,Mason Kumar,54,New York,Health,Multiple claims
C0682,Carlos Williams,69,Toronto,Home,2 claims
C0683,David Lopez,27,Rome,Travel,2 claims
C0684,David Johnson,52,Mumbai,Auto,Multiple claims
C0685,Carlos Kumar,33,Rome,Home,New user
C0686,David Miller,42,New York,Home,1 claim
C0687,Sarah Patel,66,Delhi,Travel,New user
C0688,John Ruiz,42,Chicago,Travel,2 claims
C0689,Sophia Chen,42,Madrid,Travel,Multiple claims
C0690,Priya Martinez,20,Madrid,Gadget,New user
C0691,Sarah Johnson,58,Texas,Home,No claims
C0692,Priya Johnson,52,London,Travel,New user
C0693,Fatima Rodriguez,55,Dubai,Auto,No claims
C0694,Priya Miller,64,Paris,Auto,No claims
C0695,Lucas Martinez,59,Melbourne,Travel,2 claims
C0696,John Martinez,64,Tokyo,Health,New user
C0697,Mei Ruiz,61,Los Angeles,Health,Multiple claims
C0698,Priya Chen,20,California,Gadget,1 claim
C0699,Ava Miller,69,Delhi,Home,New user
C0700,Ethan Lopez,51,Los Angeles,Auto,New user
C0701,Mia Wong,28,Texas,Auto,No claims
C0702,Ethan Kumar,65,Delhi,Health,Multiple claims
C0703,Lucas Wong,64,Chicago,Health,2 claims
C0704,Bob Clark,41,New York,Home,Multiple claims
C0705,Isabella Kumar,67,Chennai,Home,No claims
C0706,Ethan Lopez,49,Madrid,Auto,2 claims
C0707,Mei Singh,36,Chicago,Home,1 claim
C0708,Mia Ruiz,50,Singapore,Auto,2 claims
C0709,Carlos Clark,24,Los Angeles,Travel,No claims
C0710,Noah Miller,36,Toronto,Travel,2 claims
C0711,Priya Williams,50,Madrid,Travel,2 claims
C0712,Mason Rodriguez,23,Berlin,Travel,2 claims
C0713,Mia Clark,43,California,Home,2 claims
C0714,Ethan Kim,34,Singapore,Travel,New user
C0715,Ava Ruiz,64,Dubai,Auto,Multiple claims
C0716,Isabella Brown,32,Texas,Auto,Multiple claims
C0717,David Miller,24,Cape Town,Gadget,No claims
C0718,Ethan Clark,34,Berlin,Gadget,New user
C0719,David Wong,41,Madrid,Health,New user
C0720,John Lopez,69,New York,Auto,Multiple claims
C0721,Carlos Singh,38,Delhi,Health,Multiple claims
C0722,Sarah Lopez,50,London,Auto,Multiple claims
C0723,Olivia Chen,70,Paris,Gadget,Multiple claims
C0724,Noah Kumar,24,Tokyo,Health,2 claims
C0725,Carlos Garcia,33,Mumbai,Home,New user
C0726,Mia Wong,26,Madrid,Home,1 claim
C0727,Ethan Kim,56,Chicago,Travel,Multiple claims
C0728,Bob Rodriguez,62,Tokyo,Health,2 claims
C0729,Mia Singh,52,Paris,Home,No claims
C0730,Sarah Lewis,61,Berlin,Auto,2 claims
C0731,Liam Lewis,70,Texas,Health,Multiple claims
C0732,Bob Brown,18,Rome,Gadget,Multiple claims
C0733,Emma Chen,61,Delhi,Auto,New user
C0734,Ava Patel,63,Mumbai,Auto,2 claims
C0735,Priya Johnson,40,New York,Gadget,2 claims
C0736,Fatima Clark,59,Dubai,Gadget,1 claim
C0737,Emma Lewis,22,Melbourne,Travel,Multiple claims
C0738,Noah Singh,44,Singapore,Auto,New user
C0739,Carlos Patel,21,Paris,Auto,No claims
C0740,Liam Ruiz,37,California,Home,New user
C0741,Lucas Singh,38,New York,Home,New user
C0742,Noah Miller,63,Singapore,Travel,Multiple claims
C0743,Mason Kumar,69,New York,Travel,2 claims
C0744,Noah Clark,35,London,Home,New user
C0745,Emma Miller,34,Sydney,Gadget,Multiple claims
C0746,Alice Clark,30,London,Home,Multiple claims
C0747,Bob Kim,19,Chicago,Health,2 claims
C0748,Olivia Singh,70,London,Health,1 claim
C0749,Ava Lewis,28,Berlin,Auto,Multiple claims
C0750,Bob Kim,18,Chennai,Travel,2 claims
C0751,Mia Singh,24,Toronto,Auto,1 claim
C0752,Olivia Johnson,54,Melbourne,Gadget,Multiple claims
C0753,John Chen,27,Paris,Home,2 claims
C0754,Sarah Patel,20,Texas,Travel,Multiple claims
C0755,Priya Lee,66,Chicago,Gadget,Multiple claims
C0756,Isabella Rodriguez,32,Chennai,Auto,No claims
C0757,Emma Lopez,31,Mumbai,Health,Multiple claims
C0758,John Brown,40,Madrid,Home,Multiple claims
C0759,John Martinez,49,Sydney,Auto,New user
C0760,Carlos Patel,38,Los Angeles,Health,2 claims
C0761,Alice Wong,20,New York,Health,No claims
C0762,Lucas Miller,19,Rome,Gadget,New user
C0763,David Smith,46,Los Angeles,Health,2 claims
C0764,Mia Wong,34,Chicago,Auto,Multiple claims
C0765,David Kumar,45,Chicago,Home,New user
C0766,Sarah Johnson,43,Tokyo,Gadget,2 claims
C0767,Olivia Kumar,39,Rome,Home,1 claim
C0768,Liam Johnson,67,Dubai,Health,No claims
C0769,Isabella Lewis,34,Toronto,Travel,New user
C0770,Priya Garcia,42,New York,Home,2 claims
C0771,Noah Rodriguez,42,Singapore,Health,No claims
C0772,Alice Smith,55,Cape Town,Travel,New user
C0773,Carlos Ruiz,68,Paris,Auto,1 claim
C0774,Mia Miller,56,Singapore,Travel,2 claims
C0775,Bob Lopez,32,Sydney,Home,Multiple claims
C0776,Lucas Miller,57,Rome,Travel,New user
C0777,Noah Davis,29,New York,Gadget,No claims
C0778,Sarah Wong,43,Cape Town,Auto,New user
C0779,Alice Kim,40,Delhi,Auto,No claims
C0780,Isabella Garcia,55,California,Auto,1 claim
C0781,Mason Patel,59,Sydney,Auto,2 claims
C0782,Mei Rodriguez,52,London,Travel,2 claims
C0783,Ethan Clark,33,Berlin,Travel,No claims
C0784,Sarah Lewis,41,Los Angeles,Gadget,1 claim
C0785,Mei Williams,60,New York,Health,No claims
C0786,Olivia Brown,65,Madrid,Gadget,Multiple claims
C0787,Sophia Wong,68,Mumbai,Gadget,Multiple claims
C0788,Fatima Smith,28,Madrid,Gadget,Multiple claims
C0789,Mei Williams,46,Sydney,Travel,New user
C0790,Olivia Kumar,53,Dubai,Travel,No claims
C0791,David Miller,56,Melbourne,Travel,No claims
C0792,Ava Williams,61,Tokyo,Home,New user
C0793,Ethan Brown,63,Tokyo,Travel,Multiple claims
C0794,Noah Davis,51,Chennai,Travel,Multiple claims
C0795,Mason Ruiz,27,Madrid,Home,2 claims
C0796,Mia Martinez,45,California,Home,Multiple claims
C0797,Mason Lee,23,New York,Home,1 claim
C0798,Sarah Kumar,27,Chicago,Gadget,No claims
C0799,Fatima Brown,25,California,Home,2 claims
C0800,Isabella Rodriguez,19,Sydney,Health,1 claim
C0801,Ava Davis,67,Delhi,Home,2 claims
C0802,Mia Johnson,63,Mumbai,Health,1 claim
C0803,Alice Lee,65,Delhi,Travel,1 claim
C0804,Mei Lee,30,California,Travel,2 claims
C0805,Fatima Lopez,55,Melbourne,Health,2 claims
C0806,Sophia Kumar,43,Dubai,Auto,New user
C0807,Mei Ruiz,49,Sydney,Home,New user
C0808,Lucas Davis,22,Madrid,Health,No claims
C0809,John Brown,39,Singapore,Auto,No claims
C0810,Bob Ruiz,22,Tokyo,Home,2 claims
C0811,Mia Martinez,69,New York,Travel,1 claim
C0812,Olivia Brown,52,Toronto,Auto,Multiple claims
C0813,Liam Kumar,49,Sydney,Gadget,Multiple claims
C0814,David Chen,31,Rome,Home,Multiple claims
C0815,Sophia Garcia,45,Paris,Auto,New user
C0816,Olivia Chen,37,Berlin,Gadget,1 claim
C0817,Sarah Ruiz,31,London,Auto,1 claim
C0818,Alice Williams,25,Cape Town,Health,Multiple claims
C0819,Bob Clark,24,Tokyo,Auto,Multiple claims
C0820,Mei Smith,67,Mumbai,Auto,New user
C0821,Ethan Chen,32,London,Travel,No claims
C0822,Ethan Chen,21,Berlin,Gadget,New user
C0823,Noah Wong,63,Paris,Auto,1 claim
C0824,David Johnson,60,Melbourne,Travel,Multiple claims
C0825,Sarah Kumar,41,California,Home,1 claim
C0826,Ava Kim,46,California,Home,New user
C0827,Olivia Kumar,58,Chicago,Travel,Multiple claims
C0828,Bob Davis,36,Madrid,Home,1 claim
C0829,John Lopez,45,Toronto,Travel,Multiple claims
C0830,Mia Clark,37,Chicago,Home,1 claim
C0831,Bob Brown,68,Texas,Auto,No claims
C0832,Emma Wong,47,Melbourne,Travel,1 claim
C0833,Mia Garcia,27,Berlin,Travel,1 claim
C0834,Bob Lee,53,Mumbai,Auto,No claims
C0835,Emma Smith,65,Tokyo,Travel,1 claim
C0836,John Wong,39,Cape Town,Auto,New user
C0837,Lucas Lewis,59,Rome,Gadget,2 claims
C0838,Mia Lee,34,New York,Home,New user
C0839,Isabella Garcia,59,Chennai,Health,2 claims
C0840,Mei Williams,63,Los Angeles,Auto,New user
C0841,Sophia Ruiz,66,London,Home,No claims
C0842,Lucas Wong,62,Mumbai,Gadget,Multiple claims
C0843,Mei Lopez,52,Dubai,Gadget,Multiple claims
C0844,Carlos Kumar,53,Chicago,Home,New user
C0845,Mason Garcia,54,Tokyo,Auto,New user
C0846,Sarah Davis,62,Rome,Auto,Multiple claims
C0847,David Brown,21,California,Health,Multiple claims
C0848,John Lewis,49,Rome,Travel,1 claim
C0849,Sophia Singh,56,Mumbai,Health,1 claim
C0850,Lucas Chen,34,California,Health,No claims
C0851,Priya Patel,21,Los Angeles,Auto,No claims
C0852,Alice Smith,64,Texas,Gadget,No claims
C0853,Noah Martinez,35,Madrid,Gadget,2 claims
C0854,Bob Chen,31,California,Travel,1 claim
C0855,Noah Singh,43,Texas,Home,2 claims
C0856,Mason Brown,38,London,Health,No claims
C0857,Olivia Martinez,32,Madrid,Home,No claims
C0858,Liam Singh,56,Tokyo,Travel,No claims
C0859,John Singh,40,Texas,Gadget,No claims
C0860,Alice Williams,26,Singapore,Gadget,1 claim
C0861,Noah Wong,40,Paris,Home,New user
C0862,Lucas Patel,24,Sydney,Auto,No claims
C0863,Olivia Rodriguez,46,Toronto,Home,New user
C0864,Ava Lewis,34,California,Home,2 claims
C0865,Carlos Clark,69,Mumbai,Health,Multiple claims
C0866,Fatima Lewis,53,Melbourne,Health,Multiple claims
C0867,Priya Williams,36,New York,Health,1 claim
C0868,Mia Lopez,56,Berlin,Home,1 claim
C0869,Isabella Wong,54,Sydney,Health,New user
C0870,Lucas Lopez,69,London,Health,2 claims
C0871,Noah Ruiz,58,Cape Town,Health,1 claim
C0872,Carlos Kim,70,Toronto,Auto,No claims
C0873,Mia Kim,27,London,Gadget,1 claim
C0874,Priya Garcia,49,Chennai,Travel,2 claims
C0875,Carlos Patel,40,Madrid,Auto,New user
C0876,Alice Davis,46,Cape Town,Health,New user
C0877,David Lee,43,Singapore,Gadget,No claims
C0878,Liam Martinez,37,Berlin,Gadget,New user
C0879,Sophia Martinez,31,Rome,Auto,Multiple claims
C0880,Lucas Clark,25,Sydney,Gadget,New user
C0881,Alice Patel,45,Melbourne,Gadget,2 claims
C0882,Noah Davis,65,Rome,Health,No claims
C0883,Olivia Lee,53,Sydney,Gadget,No claims
C0884,Mia Brown,20,Singapore,Gadget,New user
C0885,Mia Ruiz,65,Dubai,Gadget,No claims
C0886,Isabella Clark,40,Dubai,Health,New user
C0887,Sarah Kumar,54,Texas,Health,2 claims
C0888,Olivia Rodriguez,26,Tokyo,Home,2 claims
C0889,Carlos Smith,44,Berlin,Gadget,2 claims
C0890,Lucas Smith,23,New York,Travel,1 claim
C0891,Mei Patel,21,Los Angeles,Travel,Multiple claims
C0892,Sarah Lee,32,Tokyo,Gadget,2 claims
C0893,Ava Patel,23,Delhi,Home,1 claim
C0894,Olivia Garcia,35,Dubai,Health,No claims
C0895,Carlos Lewis,58,New York,Gadget,Multiple claims
C0896,Liam Chen,60,Los Angeles,Home,2 claims
C0897,Fatima Singh,28,London,Gadget,2 claims
C0898,David Singh,25,Berlin,Auto,1 claim
C0899,John Kumar,63,Dubai,Travel,Multiple claims
C0900,Mia Lopez,58,New York,Home,No claims
C0901,Noah Lopez,56,Sydney,Auto,2 claims
C0902,Olivia Lewis,52,Delhi,Gadget,2 claims
C0903,Priya Smith,41,Chicago,Gadget,New user
C0904,Sophia Davis,70,Toronto,Auto,Multiple claims
C0905,John Patel,47,New York,Travel,2 claims
C0906,Mason Patel,60,Rome,Travel,No claims
C0907,Sarah Singh,43,Singapore,Gadget,1 claim
C0908,Lucas Kumar,60,Cape Town,Gadget,New user
C0909,John Williams,57,Los Angeles,Auto,1 claim
C0910,John Ruiz,42,Dubai,Travel,No claims
C0911,Priya Kumar,55,New York,Gadget,2 claims
C0912,Isabella Williams,68,Paris,Travel,2 claims
C0913,Ethan Martinez,20,Mumbai,Auto,2 claims
C0914,Olivia Lewis,30,Chennai,Home,No claims
C0915,Noah Kim,59,Dubai,Health,2 claims
C0916,Priya Singh,63,Mumbai,Health,No claims
C0917,Emma Johnson,37,Paris,Gadget,1 claim
C0918,Mason Martinez,18,Texas,Gadget,Multiple claims
C0919,Priya Miller,33,Delhi,Home,No claims
C0920,Fatima Singh,52,London,Gadget,New user
C0921,Emma Ruiz,45,Los Angeles,Gadget,New user
C0922,Noah Clark,38,Paris,Gadget,2 claims
C0923,Priya Ruiz,23,California,Health,No claims
C0924,Alice Davis,66,California,Health,2 claims
C0925,Mei Lopez,58,Delhi,Travel,Multiple claims
C0926,Mason Clark,63,Mumbai,Health,No claims
C0927,Bob Johnson,49,Madrid,Auto,No claims
C0928,John Clark,29,Tokyo,Travel,New user
C0929,Mei Lewis,60,Dubai,Auto,Multiple claims
C0930,Lucas Wong,68,Los Angeles,Health,1 claim
C0931,Sarah Singh,55,Mumbai,Gadget,New user
C0932,Mason Ruiz,25,Los Angeles,Health,Multiple claims
C0933,Alice Smith,38,Melbourne,Home,2 claims
C0934,Sarah Rodriguez,43,Singapore,Travel,Multiple claims
C0935,Fatima Singh,70,Dubai,Auto,Multiple claims
C0936,Noah Rodriguez,58,Texas,Home,No claims
C0937,Mei Kumar,35,Tokyo,Gadget,New user
C0938,Priya Lewis,22,Cape Town,Travel,New user
C0939,Isabella Davis,26,Rome,Auto,Multiple claims
C0940,Noah Patel,29,Sydney,Travel,1 claim
C0941,Noah Wong,64,California,Gadget,2 claims
C0942,Sophia Patel,65,Los Angeles,Travel,New user
C0943,Bob Wong,56,New York,Auto,2 claims
C0944,Ava Rodriguez,39,Los Angeles,Travel,Multiple claims
C0945,Mia Lee,35,Paris,Health,1 claim
C0946,Priya Rodriguez,33,London,Auto,1 claim
C0947,Lucas Clark,45,Los Angeles,Home,1 claim
C0948,Noah Singh,56,Sydney,Travel,2 claims
C0949,Mia Garcia,70,Melbourne,Home,Multiple claims
C0950,Alice Rodriguez,58,London,Gadget,No claims
C0951,Sophia Lopez,44,Paris,Auto,Multiple claims
C0952,Mason Davis,31,Berlin,Home,Multiple claims
C0953,Fatima Kumar,66,Dubai,Gadget,Multiple claims
C0954,Isabella Lopez,25,Rome,Travel,No claims
C0955,Liam Miller,50,Tokyo,Home,2 claims
C0956,Noah Chen,49,Tokyo,Travel,New user
C0957,Alice Ruiz,31,Texas,Gadget,2 claims
C0958,Alice Lee,54,Melbourne,Travel,1 claim
C0959,Isabella Lee,49,Madrid,Travel,New user
C0960,Isabella Lopez,26,Rome,Gadget,New user
C0961,Carlos Davis,25,Mumbai,Auto,1 claim
C0962,Carlos Miller,31,Texas,Home,1 claim
C0963,Isabella Garcia,35,New York,Health,1 claim
C0964,Olivia Lee,43,Cape Town,Gadget,Multiple claims
C0965,Ava Kim,59,Cape Town,Travel,New user
C0966,Alice Brown,47,Cape Town,Travel,1 claim
C0967,Isabella Clark,22,Delhi,Auto,No claims
C0968,Ava Lewis,27,Los Angeles,Home,No claims
C0969,Sarah Clark,37,Chicago,Health,New user
C0970,Liam Lopez,31,Los Angeles,Auto,1 claim
C0971,Mason Garcia,52,Singapore,Travel,Multiple claims
C0972,Mia Brown,21,Melbourne,Travel,New user
C0973,Carlos Kumar,22,Mumbai,Health,No claims
C0974,Isabella Davis,22,Paris,Home,Multiple claims
C0975,Fatima Clark,28,Rome,Gadget,New user
C0976,Noah Ruiz,31,Berlin,Health,Multiple claims
C0977,Carlos Smith,67,Cape Town,Health,New user
C0978,Carlos Kim,21,Dubai,Travel,Multiple claims
C0979,Ethan Patel,47,Los Angeles,Auto,Multiple claims
C0980,Lucas Williams,50,Delhi,Travel,1 claim
C0981,Bob Brown,46,Los Angeles,Travel,No claims
C0982,Priya Johnson,21,Texas,Travel,No claims
C0983,David Garcia,65,Rome,Health,Multiple claims
C0984,Mason Lewis,59,Tokyo,Health,2 claims
C0985,Mia Lewis,53,Berlin,Auto,No claims
C0986,Sarah Brown,34,New York,Home,New user
C0987,Mei Lee,46,Melbourne,Auto,1 claim
C0988,Lucas Garcia,60,Chennai,Gadget,1 claim
C0989,Sarah Lopez,69,New York,Gadget,Multiple claims
C0990,Sarah Davis,19,Los Angeles,Gadget,New user
C0991,Liam Clark,49,Sydney,Auto,Multiple claims
C0992,Bob Patel,21,Paris,Gadget,1 claim
C0993,Fatima Lewis,62,Paris,Health,2 claims
C0994,Ava Wong,68,Sydney,Health,Multiple claims
C0995,Bob Johnson,69,Dubai,Auto,No claims
C0996,Carlos Davis,30,Berlin,Home,2 claims
C0997,Carlos Patel,56,Tokyo,Health,2 claims
C0998,Emma Rodriguez,51,Dubai,Gadget,No claims
C0999,Noah Lee,36,Dubai,Gadget,1 claim
C1000,Mia Patel,69,Rome,Travel,2 claims
