[
  {
    "id": "C001",
    "name": "Alice Smith",
    "age": 34,
    "location": "New York",
    "policy": "Auto",
    "history": "No claims"
  },
  {
    "id": "C002",
    "name": "Bob Lee",
    "age": 52,
    "location": "California",
    "policy": "Home",
    "history": "1 claim"
  },
  {
    "id": "C003",
    "name": "Carlos Ruiz",
    "age": 29,
    "location": "Texas",
    "policy": "Health",
    "history": "No claims"
  },
  {
    "id": "C004",
    "name": "Lokesh",
    "age": 20,
    "location": "India",
    "policy": "Not set",
    "history": "New user"
  },
  {
    "id": "C005",
    "name": "Srinidhi",
    "age": 18,
    "location": "Chennai",
    "policy": "Not set",
    "history": "New user"
  },
  {
    "id": "C006",
    "name": "Steve",
    "age": 25,
    "location": "USA",
    "policy": "Not set",
    "history": "New user"
  },
  {
    "id": "C007",
    "name": "Anand",
    "age": 25,
    "location": "Cehnnai",
    "policy": "Not set",
    "history": "New user"
  }
]