[
  {
    "name": "Balu",
    "age": 18,
    "location": "chennai",
    "language": "en"
  },
  {
    "name": "Balu",
    "age": 7,
    "location": "Chennai",
    "language": "en"
  },
  {
    "name": "srinidhi",
    "age": 19,
    "location": "Chennai",
    "language": "en"
  },
  {
    "name": "srinidhi",
    "age": 19,
    "location": "Chennai",
    "language": "ta"
  },
  {
    "name": "Nitish",
    "age": 25,
    "location": "India",
    "language": "fr"
  },
  {
    "id": "C004",
    "name": "Lokesh",
    "age": 20,
    "location": "India",
    "policy": "Not set",
    "history": "New user"
  },
  {
    "id": "C005",
    "name": "Srinidhi",
    "age": 18,
    "location": "Chennai",
    "policy": "Not set",
    "history": "New user"
  },
  {
    "id": "C006",
    "name": "Steve",
    "age": 25,
    "location": "USA",
    "policy": "Not set",
    "history": "New user"
  },
  {
    "id": "C007",
    "name": "Anand",
    "age": 25,
    "location": "Cehnnai",
    "policy": "Not set",
    "history": "New user"
  }
]