Customer_ID,Name,Age,Gender,Address,Occupation,Annual_Income,Policy_History,Contact_Number,Email
CUST001,Gregory Jones,54,M,"North Ericshire, Afghanistan",Engineer,662709,"Life:Yes, Health:No",(009)932-7466,iarellano@gmail.com
CUST002,Robert Morgan,59,F,"Dixonfort, Dominica",Engineer,2652677,"Life:Yes, Health:No",(102)235-2884,kellyreyes@yahoo.com
CUST003,Melanie Mcgrath,59,M,"Whitestad, Malta",Lawyer,3050460,"Life:Yes, Health:No",001-814-081-1387x5458,christopherflores@hartman.com
CUST004,Terry Williams,44,M,"Jessicaland, Switzerland",Teacher,3719393,"Life:Yes, Health:Yes",(001)952-6110,iramirez@yahoo.com
CUST005,Seth Graham,45,F,"East Tammy, San Marino",Engineer,2755970,"Life:No, Health:No",+1-865-915-0620x557,bakerautumn@hotmail.com
CUST006,Andrew Guerrero,25,F,"East Brandonmouth, Congo",Teacher,4710715,"Life:No, Health:No",494-846-6042x9142,larry25@ross-murphy.com
CUST007,Suzanne Owens,29,F,"North Andrea, Korea",Doctor,4446301,"Life:No, Health:No",949-838-9465x411,zwashington@hotmail.com
CUST008,Adam Yang,39,M,"South Frankchester, Yemen",Engineer,2853098,"Life:Yes, Health:Yes",+1-652-108-6843,aprilcampbell@yahoo.com
CUST009,Jordan Pacheco,60,M,"North Antonioside, Afghanistan",Engineer,4873246,"Life:Yes, Health:No",735-066-9257x126,shannonyork@davila.com
CUST010,Brianna Foster,47,F,"Nathanport, Kyrgyz Republic",Engineer,3241405,"Life:No, Health:No",(028)040-9294,vmcdonald@chase.com
CUST011,Johnathan King,51,M,"Port Yolanda, New Caledonia",Teacher,3633717,"Life:No, Health:Yes",001-711-370-5524x563,mespinoza@yahoo.com
CUST012,Dean Figueroa,58,F,"Port Dawn, India",Business Owner,2463614,"Life:No, Health:Yes",(283)407-1147x770,jasmin29@williams.com
CUST013,Anna Garcia,56,F,"Aguirrefort, Norway",Teacher,3423371,"Life:Yes, Health:Yes",920-304-3089x069,seangross@marks.net
CUST014,Patricia Sanchez,41,M,"North Kristen, Russian Federation",Business Owner,3633400,"Life:No, Health:Yes",973.823.7234,molly40@hotmail.com
CUST015,Michele Schultz,40,F,"North Kevinborough, Montenegro",Business Owner,2692243,"Life:No, Health:No",293-685-4989,ifriedman@yahoo.com
CUST016,Nathan Smith,53,M,"Lake Charlesfort, Sudan",Engineer,2654448,"Life:No, Health:No",404.108.7499,rbrown@hotmail.com
CUST017,Michael Tucker,46,F,"Herreraland, Peru",Business Owner,4131662,"Life:No, Health:Yes",0224577062,holmeshector@gmail.com
CUST018,Scott Harvey,45,M,"Johnville, Swaziland",Business Owner,3948820,"Life:Yes, Health:Yes",(870)251-6515x444,uhowell@bridges.com
CUST019,Carrie Hampton,59,F,"Santosview, Qatar",Accountant,3541423,"Life:No, Health:Yes",613-225-4883,uburton@yahoo.com
CUST020,Carlos Clarke,58,F,"Williamport, Cambodia",Engineer,3977016,"Life:No, Health:Yes",(201)394-2754,frussell@yahoo.com
CUST021,Jennifer Baker,33,M,"West Michaeltown, Saint Helena",Lawyer,4724895,"Life:Yes, Health:Yes",001-984-999-5476x9251,ashleesnyder@green-fischer.com
CUST022,Juan Wilkins,35,F,"West Isaac, Algeria",Software Engg,865589,"Life:No, Health:Yes",9677351896,ggilbert@johnson-sparks.info
CUST023,Laura Miller,25,F,"Kennethborough, American Samoa",Accountant,937670,"Life:Yes, Health:Yes",612-742-3345x587,mark05@hotmail.com
CUST024,Donna Chavez,35,M,"South Kelly, Togo",Engineer,4576880,"Life:Yes, Health:No",918.022.7898x174,wilkinsrichard@yahoo.com
CUST025,Jordan Reed,57,M,"Cartertown, Nepal",Engineer,2983496,"Life:No, Health:Yes",001-173-513-2859x475,heather40@rosario-bradley.com
CUST026,Jason Howard,31,M,"Aliceberg, Central African Republic",Accountant,956784,"Life:Yes, Health:No",(341)071-0467x2868,whitesavannah@hotmail.com
CUST027,Mrs. Kelly Fuller,34,F,"West Kristinaville, Micronesia",Engineer,1924568,"Life:Yes, Health:No",648-501-1017,jessica47@gmail.com
CUST028,Felicia Lawrence,52,F,"Lisabury, Morocco",Teacher,3471241,"Life:Yes, Health:Yes",005-370-1831x0743,norrisruth@hotmail.com
CUST029,Daniel Mccullough,40,M,"Jenniferport, New Zealand",Lawyer,3548902,"Life:Yes, Health:No",(803)059-2130x376,james71@gmail.com
CUST030,James Townsend,33,M,"Hurleyfort, Korea",Lawyer,3682005,"Life:No, Health:Yes",(430)557-0646,ybrewer@yahoo.com
CUST031,Jeffrey Young,26,F,"Navarroburgh, Cote d'Ivoire",Accountant,4898355,"Life:No, Health:No",001-450-215-1968x804,michael23@hotmail.com
CUST032,Christopher Martin,25,M,"New Elizabeth, Svalbard & Jan Mayen Islands",Software Engg,3768888,"Life:Yes, Health:Yes",(048)864-4960,steven94@riley.com
CUST033,Jennifer Peterson,57,M,"West Brentberg, Egypt",Doctor,906877,"Life:Yes, Health:No",+1-956-299-5344x1534,natkins@dennis-lewis.org
CUST034,Paul Weber,39,M,"Mitchellchester, Rwanda",Engineer,1450118,"Life:Yes, Health:Yes",(456)788-9010,qperkins@galvan.net
CUST035,Gary Doyle,53,F,"Garciaside, Kenya",Engineer,4766555,"Life:No, Health:No",430.658.2097x2128,morgandakota@richardson-bell.biz
CUST036,Tamara Garrett,51,M,"South Nicholasberg, Sao Tome and Principe",Software Engg,1044425,"Life:No, Health:No",001-228-063-3437,felicia20@gmail.com
CUST037,Dr. Jason Dean IV,36,F,"Crystalville, Cayman Islands",Engineer,4045419,"Life:No, Health:No",922.676.8138x7743,rrivas@perez.com
CUST038,Kristina Gray,31,M,"Rodriguezshire, Comoros",Business Owner,2567528,"Life:Yes, Health:No",(886)995-3366x26167,aroberts@frye.com
CUST039,Micheal Tran,44,M,"Lake Susanchester, Turkmenistan",Doctor,3660121,"Life:No, Health:No",(149)348-9622x375,charles70@gmail.com
CUST040,Jennifer Gonzalez,39,F,"Port Daniel, Luxembourg",Accountant,3308425,"Life:No, Health:Yes",335-552-9283,lharrington@bell.com
CUST041,Crystal Nichols,59,M,"Raymondland, Togo",Lawyer,1649127,"Life:Yes, Health:Yes",+1-788-227-8225x816,higginsdavid@walker.info
CUST042,Angela Ochoa,51,F,"North Zacharyhaven, Vietnam",Software Engg,3465365,"Life:Yes, Health:Yes",001-646-609-3904x0969,gcooke@vaughn.com
CUST043,Megan Leonard,53,F,"New Clifford, Suriname",Teacher,1602789,"Life:Yes, Health:No",(466)628-4771,bryanlee@ramos.org
CUST044,Willie Hernandez,25,M,"Laurenhaven, Anguilla",Business Owner,2931264,"Life:No, Health:No",+1-764-481-5694x373,gregoryking@yahoo.com
CUST045,Francis Hicks,51,F,"Johnmouth, Aruba",Software Engg,2099951,"Life:No, Health:No",(902)706-1218x00611,pschroeder@gmail.com
CUST046,Jacqueline Owens,34,F,"Alexandraborough, France",Lawyer,1237270,"Life:No, Health:No",707.660.8519,alyssa92@rodriguez.com
CUST047,Chad Carter,60,F,"Barrshire, Marshall Islands",Accountant,1134621,"Life:Yes, Health:Yes",590-332-4139,shelleygriffin@thompson.com
CUST048,Nicole Morris,37,F,"Mariahhaven, France",Doctor,4701761,"Life:No, Health:Yes",892.783.2679,justin93@hotmail.com
CUST049,Sandra Duncan,46,F,"Brownside, Zambia",Business Owner,1933986,"Life:Yes, Health:Yes",+1-891-984-1363x7035,jrichardson@hotmail.com
CUST050,James Ellis,36,M,"Lake Kara, American Samoa",Lawyer,3879059,"Life:No, Health:Yes",896.056.5966x5211,hbrown@yahoo.com
