KB_ID,Topic,Content
KB001,Term Life Insurance,Term life insurance offers coverage for a fixed term. Premiums depend on age & health.
KB002,Health Insurance,"Health insurance plans cover hospitalization, critical illness, and preventive care."
KB003,Retirement Planning,"Retirement plans include annuities, pension funds, and tax-saving investments."
KB004,Compliance Guidelines,"Insurance brokers must comply with IRDA regulations, disclosure norms, and KYC checks."
KB005,Auto Insurance,"Covers damage to vehicles and liability for injuries or damage to others."
KB006,Home Insurance,"Protects your home and possessions against fire, theft, and natural disasters."
KB007,Travel Insurance,"Provides coverage for medical emergencies, trip cancellations, and lost luggage."
KB008,Disability Insurance,"Income protection in case of disability preventing work."
KB009,Life Insurance Riders,"Optional riders add benefits like accidental death or critical illness coverage."
KB010,Medical Checkups,"Some health plans require regular medical checkups to maintain coverage."
KB011,Policy Renewal,"Guidelines on renewing insurance policies before expiry to avoid lapses."
KB012,Premium Calculation,"Premiums are calculated based on age, sum assured, and health status."
KB013,Critical Illness Insurance,"Pays lump sum on diagnosis of covered illnesses."
KB014,Claim Process,"Step-by-step guidance to file an insurance claim efficiently."
KB015,Nominee Update,"Ensuring beneficiary details are updated in the insurance policy."
KB016,Term Conversion,"Option to convert term insurance to whole life insurance."
KB017,Group Insurance,"Insurance offered to employees or members of an organization at discounted rates."
KB018,Maternity Coverage,"Health plans covering maternity and newborn care expenses."
KB019,Accidental Death Benefit,"Additional payout in case of accidental death of the insured."
KB020,Premium Waiver,"Waives future premiums under certain conditions like disability."
KB021,Policy Lapse,"Consequences of not paying premiums on time."
KB022,Insurance Fraud Awareness,"Identifying and preventing fraudulent insurance claims."
KB023,Top-up Plans,"Supplemental insurance policies to enhance coverage limits."
KB024,Hospital Network,"List of hospitals covered under the insurance network."
KB025,Co-Payment,"Percentage of claim paid by the insured under health plans."
KB026,Deductible,"Amount the insured must pay before insurance benefits apply."
KB027,Policy Surrender,"Procedure and implications of surrendering a policy early."
KB028,Tax Benefits,"Tax savings under sections 80C and 10(10D) for life insurance."
KB029,Investment-Linked Insurance,"Insurance with an investment component like ULIPs."
KB030,Waiting Period,"Time period before certain benefits become active."
KB031,Coverage Exclusions,"Situations or illnesses not covered by the policy."
KB032,Sum Assured,"Guaranteed amount paid on death or maturity."
KB033,Insurance Renewal Bonus,"Additional benefits or discounts on timely renewals."
KB034,Medical History Disclosure,"Importance of disclosing pre-existing conditions accurately."
KB035,Policy Document,"Understanding the key sections of the insurance policy."
KB036,Insurance Premium Refund,"Refunds on canceled or lapsed policies."
KB037,Online Policy Management,"Manage policies digitally via insurer portals or apps."
KB038,Customer Support,"Contact points and response timelines for insurance queries."
KB039,Policy Comparison,"How to compare insurance policies for best fit."
KB040,Insurance Terminology,"Glossary of common insurance terms for brokers and customers."
KB041,Risk Assessment,"Process to evaluate customer risk profiles for product suitability."
KB042,Policy Benefits,"Detailed list of benefits included in each insurance product."
KB043,Insurance Trends,"Latest trends and products in the insurance industry."
KB044,Policy Cancellation,"Guidelines and penalties for canceling policies early."
KB045,Insurance Regulations,"Overview of legal regulations affecting brokers and insurers."
KB046,Claim Documentation,"Documents required to support a claim request."
KB047,Insurance Audits,"Periodic audits to ensure policy compliance and accuracy."
KB048,Policy Endorsements,"How to make changes to an existing policy mid-term."
KB049,Premium Payment Modes,"Different methods to pay premiums such as online, NEFT, or cash."
KB050,Customer Education,"Programs and tips to educate customers about insurance products."
