Plan_ID,Plan_Name,Risk_Level,Type,Coverage,Notes
P001,SecurePlan,High,Life,"10k, 20k","Good coverage"
P002,SafeLife,Medium,Life,"15k, 25k","Affordable premium"
P003,HealthGuard,Low,Health,"5k, 15k","Basic health plan"
P004,FamilyProtect,Medium,Life,"20k, 30k","Covers family members"
P005,TravelSafe,Low,Travel,"1k, 5k","Short-term travel insurance"
P006,AutoSecure,High,Auto,"10k, 50k","Full vehicle coverage"
P100,LifeShield,Medium,Life,"15k, 25k","Standard life insurance"
Plan_ID,Plan_Name,Risk_Level,Type,Coverage,Notes
P001,SecurePlan,High,Life,"10k, 20k","Good coverage"
P002,SafeLife,Medium,Life,"15k, 25k","Affordable premium"
P003,HealthGuard,Low,Health,"5k, 15k","Basic health plan"
P004,FamilyProtect,Medium,Life,"20k, 30k","Covers family members"
P005,TravelSafe,Low,Travel,"1k, 5k","Short-term travel insurance"
P006,AutoSecure,High,Auto,"10k, 50k","Full vehicle coverage"
P007,SeniorCare,High,Health,"20k, 40k","For senior citizens"
P008,YouthSaver,Low,Life,"5k, 15k","Young adults plan"
P009,PremiumLife,High,Life,"25k, 50k","High net worth clients"
P010,FamilyHealth,Medium,Health,"10k, 30k","Family health coverage"
P011,AdventureTravel,High,Travel,"5k, 20k","Adventure sports coverage"
P012,CarProtect,Medium,Auto,"10k, 30k","Standard car insurance"
P013,SmartLife,Low,Life,"5k, 20k","Affordable life coverage"
P014,HealthPlus,Medium,Health,"10k, 25k","Preventive care included"
P015,UltimateLife,High,Life,"30k, 60k","Premium life plan"
P016,TravelPro,Medium,Travel,"3k, 15k","Frequent traveler plan"
P017,AutoShield,Low,Auto,"5k, 20k","Basic car coverage"
P018,FamilySecure,High,Life,"20k, 40k","Family protection plan"
P019,HealthPrime,Medium,Health,"15k, 35k","Comprehensive health plan"
P020,TravelElite,High,Travel,"10k, 30k","Luxury travel coverage"

