Customer_ID,Risk_Score,Age,Profile_Notes,Last_Updated
CUST001,Low,29,"Good health, no claims",2025-09-25
CUST002,Medium,45,"Minor health issues, one prior claim",2025-09-25
CUST003,Low,35,"Stable employment, healthy lifestyle",2025-09-25
CUST004,High,82,"Senior age, multiple health issues",2025-09-25
CUST005,Medium,50,"Controlled blood pressure, one claim",2025-09-25
CUST006,Low,28,"Young professional, no prior claims",2025-09-25
CUST007,High,60,"High-risk occupation, frequent travel",2025-09-25
CUST008,Medium,42,"Minor illness history, low risk",2025-09-25
CUST009,Low,32,"Active lifestyle, good diet",2025-09-25
CUST010,High,55,"Previous hospitalization, chronic condition",2025-09-25
CUST011,Low,27,"Healthy lifestyle, no prior claims",2025-09-25
CUST012,Medium,48,"Mild diabetes, one claim in last 5 years",2025-09-25
CUST013,High,63,"Multiple health issues, high-risk occupation",2025-09-25
CUST014,Low,31,"No prior claims, fit and active",2025-09-25
CUST015,Medium,46,"Minor surgery in past, stable condition",2025-09-25
CUST016,High,70,"Chronic illness, prior hospitalization",2025-09-25
CUST017,Low,33,"Good health, no insurance claims",2025-09-25
CUST018,Medium,52,"Hypertension controlled, low-risk lifestyle",2025-09-25
CUST019,High,65,"Senior, previous claims, high-risk",2025-09-25
CUST020,Low,30,"Healthy, non-smoker, no claims",2025-09-25
CUST021,Medium,43,"Minor heart condition, one prior claim",2025-09-25
CUST022,High,75,"Multiple chronic illnesses, senior",2025-09-25
CUST023,Low,26,"Active lifestyle, no claims",2025-09-25
CUST024,Medium,49,"One prior hospitalization, low risk",2025-09-25
CUST025,High,68,"High blood pressure, previous hospitalization",2025-09-25
CUST026,Low,34,"No prior claims, fit and healthy",2025-09-25
CUST027,Medium,44,"Minor ailments, low risk",2025-09-25
CUST028,High,72,"Chronic illness, high-risk lifestyle",2025-09-25
CUST029,Low,29,"Healthy, regular exercise, no claims",2025-09-25
CUST030,Medium,51,"Minor surgeries in past, stable",2025-09-25
CUST031,High,67,"Multiple claims, senior, chronic conditions",2025-09-25
CUST032,Low,28,"Young professional, no prior claims",2025-09-25
CUST033,Medium,47,"Controlled diabetes, low-risk lifestyle",2025-09-25
CUST034,High,73,"Senior, high-risk occupation, multiple claims",2025-09-25
CUST035,Low,31,"Fit, no previous claims",2025-09-25
CUST036,Medium,45,"Minor health issues, single claim",2025-09-25
CUST037,High,69,"Chronic illness, multiple claims",2025-09-25
CUST038,Low,30,"Healthy lifestyle, no claims",2025-09-25
CUST039,Medium,50,"One prior claim, stable health",2025-09-25
CUST040,High,66,"Multiple prior claims, high-risk occupation",2025-09-25
CUST041,Low,32,"No prior claims, regular checkups",2025-09-25
CUST042,Medium,46,"Minor ailments, low-risk",2025-09-25
CUST043,High,71,"Senior, chronic condition, high risk",2025-09-25
CUST044,Low,29,"Good health, no prior claims",2025-09-25
CUST045,Medium,48,"Controlled hypertension, one claim",2025-09-25
CUST046,High,74,"Multiple health issues, senior",2025-09-25
CUST047,Low,27,"Young and healthy, no claims",2025-09-25
CUST048,Medium,49,"One prior hospitalization, stable",2025-09-25
CUST049,High,70,"High-risk occupation, chronic illness",2025-09-25
CUST050,Low,33,"Healthy lifestyle, fit",2025-09-25
CUST051,Medium,44,"Minor ailments, low-risk profile",2025-09-25
CUST052,High,68,"Multiple claims, senior",2025-09-25
CUST053,Low,31,"No prior claims, good health",2025-09-25
CUST054,Medium,50,"Controlled health issues, one claim",2025-09-25
CUST055,High,72,"Senior, chronic conditions, high risk",2025-09-25
CUST056,Low,28,"Healthy, fit, no claims",2025-09-25
CUST057,Medium,46,"Minor illness, stable",2025-09-25
CUST058,High,69,"Multiple prior claims, high-risk profile",2025-09-25
CUST059,Low,30,"Young, healthy lifestyle",2025-09-25
CUST060,Medium,51,"Controlled health issues, single claim",2025-09-25
CUST061,High,71,"Senior, multiple chronic conditions",2025-09-25
CUST062,Low,32,"No prior claims, fit and active",2025-09-25
CUST063,Medium,48,"Minor health issues, low risk",2025-09-25
CUST064,High,73,"High-risk occupation, multiple claims",2025-09-25
CUST065,Low,29,"Healthy, regular exercise",2025-09-25
CUST066,Medium,50,"Minor surgery in past, stable",2025-09-25
CUST067,High,68,"Multiple prior claims, high-risk",2025-09-25
CUST068,Low,27,"Fit, no prior claims",2025-09-25
CUST069,Medium,47,"Controlled ailments, one claim",2025-09-25
CUST070,High,72,"Senior, chronic condition",2025-09-25
CUST071,Low,31,"Healthy, no claims",2025-09-25
CUST072,Medium,49,"Minor illness, stable",2025-09-25
CUST073,High,70,"High-risk occupation, multiple claims",2025-09-25
CUST074,Low,30,"Young and healthy",2025-09-25
CUST075,Medium,46,"Controlled health, minor prior claim",2025-09-25
CUST076,High,69,"Multiple chronic conditions, senior",2025-09-25
CUST077,Low,33,"No prior claims, healthy lifestyle",2025-09-25
CUST078,Medium,51,"Minor illness, single prior claim",2025-09-25
CUST079,High,71,"Senior, multiple claims, high-risk",2025-09-25
CUST080,Low,29,"Fit, healthy, no claims",2025-09-25
CUST081,Medium,50,"Minor ailments, low-risk",2025-09-25
CUST082,High,72,"Multiple chronic issues, senior",2025-09-25
CUST083,Low,28,"Young professional, healthy",2025-09-25
CUST084,Medium,48,"Controlled health, minor prior claim",2025-09-25
CUST085,High,70,"Senior, high-risk profile",2025-09-25
CUST086,Low,32,"Healthy lifestyle, no claims",2025-09-25
CUST087,Medium,47,"Minor surgery, stable condition",2025-09-25
CUST088,High,68,"Multiple prior claims, senior",2025-09-25
CUST089,Low,30,"Fit and healthy, no claims",2025-09-25
CUST090,Medium,49,"Minor ailments, single claim",2025-09-25
CUST091,High,71,"High-risk occupation, multiple chronic conditions",2025-09-25
CUST092,Low,29,"Healthy, no claims",2025-09-25
CUST093,Medium,50,"Controlled health, minor prior claim",2025-09-25
CUST094,High,72,"Senior, multiple claims",2025-09-25
CUST095,Low,31,"Fit, healthy lifestyle",2025-09-25
CUST096,Medium,48,"Minor prior claim, stable health",2025-09-25
CUST097,High,70,"Senior, chronic condition, high-risk",2025-09-25
CUST098,Low,30,"Young, healthy, no claims",2025-09-25
CUST099,Medium,51,"Minor ailments, controlled health",2025-09-25
CUST100,High,73,"Multiple claims, high-risk senior",2025-09-25
