Customer_ID,Platform,Post_Date,Post_Content
CUST001,Twitter,2025-09-15,"Just got my new car insured, happy with the service!"
CUST001,Facebook,2025-09-12,"Looking for affordable health insurance plans."
CUST002,Twitter,2025-09-10,"Life insurance seems too expensive for me."
CUST003,LinkedIn,2025-09-18,"Evaluating insurance brokers for corporate plans."
CUST004,Twitter,2025-09-19,"Does anyone recommend good auto insurance?"
CUST005,Facebook,2025-09-14,"Searching for travel insurance quotes."
CUST006,LinkedIn,2025-09-11,"Insurance policies for startups are confusing."
CUST007,Twitter,2025-09-20,"Just renewed my health insurance!"
CUST008,Facebook,2025-09-13,"Any tips for comparing life insurance plans?"
CUST009,LinkedIn,2025-09-17,"Corporate insurance solutions needed urgently."
CUST010,Twitter,2025-09-16,"Car insurance claim process was smooth."
CUST011,Facebook,2025-09-15,"Health insurance premiums are rising this year."
CUST012,LinkedIn,2025-09-12,"Evaluating brokers for employee benefits."
CUST013,Twitter,2025-09-18,"Life insurance coverage options are overwhelming."
CUST014,Facebook,2025-09-10,"Affordable auto insurance is hard to find."
CUST015,LinkedIn,2025-09-19,"Corporate insurance renewals are coming up."
CUST016,Twitter,2025-09-14,"Happy with my home insurance provider."
CUST017,Facebook,2025-09-11,"Looking for pet insurance recommendations."
CUST018,LinkedIn,2025-09-20,"Employee health benefits packages reviewed."
CUST019,Twitter,2025-09-13,"Auto insurance quote was surprisingly cheap!"
CUST020,Facebook,2025-09-16,"Need advice on life insurance policies."
CUST021,LinkedIn,2025-09-15,"Risk management and insurance for SMEs."
CUST022,Twitter,2025-09-12,"Claim process for travel insurance was fast."
CUST023,Facebook,2025-09-18,"Health insurance coverage questions."
CUST024,LinkedIn,2025-09-14,"Corporate liability insurance evaluation."
CUST025,Twitter,2025-09-11,"Life insurance is more affordable than I thought."
CUST026,Facebook,2025-09-19,"Home insurance premium comparison needed."
CUST027,LinkedIn,2025-09-13,"Insurance brokers for multinational firms."
CUST028,Twitter,2025-09-17,"Car insurance renewal reminder received."
CUST029,Facebook,2025-09-15,"Health insurance claims process explained."
CUST030,LinkedIn,2025-09-16,"Evaluating employee insurance benefits."
CUST031,Twitter,2025-09-14,"Travel insurance coverage looks comprehensive."
CUST032,Facebook,2025-09-12,"Affordable life insurance plans available."
CUST033,LinkedIn,2025-09-20,"Corporate insurance compliance check needed."
CUST034,Twitter,2025-09-13,"Car insurance provider customer support was great."
CUST035,Facebook,2025-09-19,"Looking for dental insurance plans."
CUST036,LinkedIn,2025-09-11,"Employee group insurance benefits explained."
CUST037,Twitter,2025-09-18,"Life insurance quotes are confusing."
CUST038,Facebook,2025-09-14,"Home insurance claim settled quickly."
CUST039,LinkedIn,2025-09-10,"Corporate insurance vendor selection underway."
CUST040,Twitter,2025-09-16,"Travel insurance coverage reviewed."
CUST041,Facebook,2025-09-15,"Health insurance options seem limited."
CUST042,LinkedIn,2025-09-12,"Risk assessment for corporate insurance completed."
CUST043,Twitter,2025-09-17,"Auto insurance claim submitted successfully."
CUST044,Facebook,2025-09-13,"Affordable insurance solutions needed."
CUST045,LinkedIn,2025-09-19,"Insurance brokers meeting scheduled."
CUST046,Twitter,2025-09-11,"Life insurance policy updated today."
CUST047,Facebook,2025-09-18,"Comparing travel insurance plans."
CUST048,LinkedIn,2025-09-14,"Corporate health insurance enrollment open."
CUST049,Twitter,2025-09-15,"Car insurance claim approved quickly."
CUST050,Facebook,2025-09-16,"Health insurance premium increased this year."
